problem_id,operator,server,predicted
k8s_target_port-misconfig-mitigation-1,RESTART,D,killed
k8s_target_port-misconfig-mitigation-2,RESTART,D,killed
k8s_target_port-misconfig-mitigation-3,RESTART,D,killed
auth_miss_mongodb-mitigation-1,RESTART,D,survived
scale_pod_zero_social_net-mitigation-1,RESTART,D,killed
assign_to_non_existent_node_social_net-mitigation-1,RESTART,D,survived
revoke_auth_mongodb-mitigation-1,RESTART,D,killed
revoke_auth_mongodb-mitigation-2,RESTART,D,killed
user_unregistered_mongodb-mitigation-1,RESTART,D,killed
user_unregistered_mongodb-mitigation-2,RESTART,D,killed
misconfig_app_hotel_res-mitigation-1,RESTART,D,killed
redeploy_without_PV-mitigation-1,RESTART,D,
wrong_bin_usage-mitigation-1,RESTART,D,killed
astronomy_shop_kafka_queue_problems-mitigation-1,RESTART,D,survived
k8s_target_port-misconfig-mitigation-1,SCALE0,D,
k8s_target_port-misconfig-mitigation-2,SCALE0,D,
k8s_target_port-misconfig-mitigation-3,SCALE0,D,
auth_miss_mongodb-mitigation-1,SCALE0,D,
scale_pod_zero_social_net-mitigation-1,SCALE0,D,
assign_to_non_existent_node_social_net-mitigation-1,SCALE0,D,killed
revoke_auth_mongodb-mitigation-1,SCALE0,D,survived
revoke_auth_mongodb-mitigation-2,SCALE0,D,survived
user_unregistered_mongodb-mitigation-1,SCALE0,D,survived
user_unregistered_mongodb-mitigation-2,SCALE0,D,survived
misconfig_app_hotel_res-mitigation-1,SCALE0,D,survived
redeploy_without_PV-mitigation-1,SCALE0,D,survived
wrong_bin_usage-mitigation-1,SCALE0,D,
astronomy_shop_kafka_queue_problems-mitigation-1,SCALE0,D,
k8s_target_port-misconfig-mitigation-1,DELETE,D,
k8s_target_port-misconfig-mitigation-2,DELETE,D,
k8s_target_port-misconfig-mitigation-3,DELETE,D,
auth_miss_mongodb-mitigation-1,DELETE,D,
scale_pod_zero_social_net-mitigation-1,DELETE,D,
assign_to_non_existent_node_social_net-mitigation-1,DELETE,D,killed
revoke_auth_mongodb-mitigation-1,DELETE,D,survived
revoke_auth_mongodb-mitigation-2,DELETE,D,survived
user_unregistered_mongodb-mitigation-1,DELETE,D,survived
user_unregistered_mongodb-mitigation-2,DELETE,D,survived
misconfig_app_hotel_res-mitigation-1,DELETE,D,survived
redeploy_without_PV-mitigation-1,DELETE,D,survived
wrong_bin_usage-mitigation-1,DELETE,D,
astronomy_shop_kafka_queue_problems-mitigation-1,DELETE,D,
k8s_target_port-misconfig-mitigation-1,COLLAT,D,survived
k8s_target_port-misconfig-mitigation-2,COLLAT,D,survived
k8s_target_port-misconfig-mitigation-3,COLLAT,D,survived
auth_miss_mongodb-mitigation-1,COLLAT,D,survived
scale_pod_zero_social_net-mitigation-1,COLLAT,D,survived
assign_to_non_existent_node_social_net-mitigation-1,COLLAT,D,survived
revoke_auth_mongodb-mitigation-1,COLLAT,D,survived
revoke_auth_mongodb-mitigation-2,COLLAT,D,survived
user_unregistered_mongodb-mitigation-1,COLLAT,D,survived
user_unregistered_mongodb-mitigation-2,COLLAT,D,survived
misconfig_app_hotel_res-mitigation-1,COLLAT,D,survived
redeploy_without_PV-mitigation-1,COLLAT,D,survived
wrong_bin_usage-mitigation-1,COLLAT,D,survived
astronomy_shop_kafka_queue_problems-mitigation-1,COLLAT,D,survived
