problem_id,commit,order,slot,added,removed,functional_added,functional_removed
admission_webhook_outage_hotel_reservation,65f63dc6843495791ec7ca45df2c25275bf29b30,2311,mitigation_oracle,DeploymentReadinessOracle,,,
admission_webhook_outage_hotel_reservation,cae3da20041b05ab4a2d463bcd6dc32a97d885da,2389,mitigation_oracle,AdmissionWebhookOutageMitigationOracle,DeploymentReadinessOracle,,
admission_webhook_tls_mismatch_hotel_reservation,d9d38d934152ee48132cc86e4b2ecbe9e8f3f1de,2319,mitigation_oracle,DeploymentReadinessOracle,,,
assign_to_non_existent_node,8cd745e4c395fb281bee441088615c540c1a5380,422,mitigation_oracle,MitigationOracle,,,
assign_to_non_existent_node,08400b07fe467804ea984ee1216d9da641c3a779,546,mitigation_oracle,AssignNonExistentNodeMitigationOracle,MitigationOracle,,
assign_to_non_existent_node,0f1b3af802fc414788df0fd32389590b0be0a896,585,mitigation_oracle,WorkloadOracle,,workload,
assign_to_non_existent_node,e0a2ecc809911258ffe00200929fdebf6cb19583,1092,mitigation_oracle,,WorkloadOracle,,workload
assign_to_non_existent_node,ab3bbe108a10c3bb136e1bc0f5bf45e6e9e06365,2245,mitigation_oracle,AlertOracle,AssignNonExistentNodeMitigationOracle,alert,
assign_to_non_existent_node,ab3bbe108a10c3bb136e1bc0f5bf45e6e9e06365,2245,resolution_oracle,AssignNonExistentNodeMitigationOracle,,,
assign_to_non_existent_node,fdd9f866a65fc016bce6837a867d8e4c343a1046,2280,mitigation_oracle,AssignNonExistentNodeMitigationOracle,AlertOracle,,alert
assign_to_non_existent_node,fdd9f866a65fc016bce6837a867d8e4c343a1046,2280,resolution_oracle,,AssignNonExistentNodeMitigationOracle,,
astronomy_shop_ad_service_failure,ab3bbe108a10c3bb136e1bc0f5bf45e6e9e06365,2245,mitigation_oracle,AlertOracle,,alert,
astronomy_shop_ad_service_high_cpu,ab3bbe108a10c3bb136e1bc0f5bf45e6e9e06365,2245,mitigation_oracle,AlertOracle,,alert,
astronomy_shop_ad_service_image_slow_load,ab3bbe108a10c3bb136e1bc0f5bf45e6e9e06365,2245,mitigation_oracle,AlertOracle,,alert,
astronomy_shop_ad_service_manual_gc,ab3bbe108a10c3bb136e1bc0f5bf45e6e9e06365,2245,mitigation_oracle,AlertOracle,,alert,
astronomy_shop_cart_service_failure,ab3bbe108a10c3bb136e1bc0f5bf45e6e9e06365,2245,mitigation_oracle,AlertOracle,,alert,
astronomy_shop_failed_readiness_probe,ab3bbe108a10c3bb136e1bc0f5bf45e6e9e06365,2245,mitigation_oracle,AlertOracle,,alert,
astronomy_shop_payment_service_failure,ab3bbe108a10c3bb136e1bc0f5bf45e6e9e06365,2245,mitigation_oracle,AlertOracle,,alert,
astronomy_shop_payment_service_unreachable,ab3bbe108a10c3bb136e1bc0f5bf45e6e9e06365,2245,mitigation_oracle,AlertOracle,,alert,
astronomy_shop_product_catalog_service_failure,ab3bbe108a10c3bb136e1bc0f5bf45e6e9e06365,2245,mitigation_oracle,AlertOracle,,alert,
auth_miss_mongodb,3a3cc010c612fb315bad52cf2dfc43eb9eacd973,408,mitigation_oracle,MitigationOracle,,,
auth_miss_mongodb,0f1b3af802fc414788df0fd32389590b0be0a896,585,mitigation_oracle,WorkloadOracle,,workload,
auth_miss_mongodb,e0a2ecc809911258ffe00200929fdebf6cb19583,1092,mitigation_oracle,,WorkloadOracle,,workload
auth_miss_mongodb,ab3bbe108a10c3bb136e1bc0f5bf45e6e9e06365,2245,mitigation_oracle,AlertOracle,MitigationOracle,alert,
auth_miss_mongodb,ab3bbe108a10c3bb136e1bc0f5bf45e6e9e06365,2245,resolution_oracle,MitigationOracle,,,
auth_miss_mongodb,fdd9f866a65fc016bce6837a867d8e4c343a1046,2280,mitigation_oracle,MitigationOracle,AlertOracle,,alert
auth_miss_mongodb,fdd9f866a65fc016bce6837a867d8e4c343a1046,2280,resolution_oracle,,MitigationOracle,,
calico_route_reflector_label_drift_hotel_reservation,bcec38f7dcb0e70b73211fe7e794599005e54571,2372,mitigation_oracle,CalicoRouteReflectorMitigationOracle,,,
capacity_decrease_rpc_retry_storm,e8e35b184435384dc2697aa750e9fc7540116c74,1515,mitigation_oracle,RPCRetryStormMitigationOracle,,,
capacity_decrease_rpc_retry_storm,d1df75d559866765c2a88fdb38a41e17b16ec29f,2239,mitigation_oracle,AlertOracle,RPCRetryStormMitigationOracle,alert,
cfs_cpu_throttling_hotel_reservation,d9a0663e3930d90bd98122e8a852cf8d27c410ec,2399,mitigation_oracle,CpuThrottlingMitigationOracle,,,
configmap_drift_hotel_reservation,3cc20fe0fc7be64525a150d2c15828b2fbe612ed,782,mitigation_oracle,MitigationOracle WorkloadOracle,,workload,
configmap_drift_hotel_reservation,2f6e627cbda6f7c5b1b46c5be6db39f88bfd779b,802,mitigation_oracle,MissingCmKeyMitigationOracle,MitigationOracle,,
configmap_drift_hotel_reservation,e0a2ecc809911258ffe00200929fdebf6cb19583,1092,mitigation_oracle,,WorkloadOracle,,workload
configmap_drift_hotel_reservation,ab3bbe108a10c3bb136e1bc0f5bf45e6e9e06365,2245,mitigation_oracle,AlertOracle,MissingCmKeyMitigationOracle,alert,
configmap_drift_hotel_reservation,ab3bbe108a10c3bb136e1bc0f5bf45e6e9e06365,2245,resolution_oracle,MissingCmKeyMitigationOracle,,,
configmap_drift_hotel_reservation,fdd9f866a65fc016bce6837a867d8e4c343a1046,2280,mitigation_oracle,MissingCmKeyMitigationOracle,AlertOracle,,alert
configmap_drift_hotel_reservation,fdd9f866a65fc016bce6837a867d8e4c343a1046,2280,resolution_oracle,,MissingCmKeyMitigationOracle,,
cronjob_sidecar_blocks_completion_hotel_reservation,f1137907c28508401bd2810905856fd761389370,2345,mitigation_oracle,CronJobSidecarBlocksCompletionMitigationOracle,,,
cumulative_admission_webhook_timeout_hotel_reservation,4dfe8603d45de244e9540113d9fb15419031e038,2361,mitigation_oracle,CumulativeAdmissionWebhookTimeoutMitigationOracle,,,
dev_shm_exhaustion_hotel_reservation,3c0ef77865a7f6f57a61801ddd77af3620f2ea4e,2346,mitigation_oracle,DevShmMitigationOracle,,,
duplicate_pvc_mounts_astronomy_shop,7364f6715df51f64def7d36c21551444e3bcf602,853,mitigation_oracle,SustainedReadinessOracle,,,
duplicate_pvc_mounts_astronomy_shop,2428c1faa5091a1b28f04fe52e2baf4c4cd49dbd,855,mitigation_oracle,WorkloadOracle,,workload,
duplicate_pvc_mounts_astronomy_shop,f0cf51a3473c3478d411296e8808fbcef29463c9,867,mitigation_oracle,MitigationOracle,SustainedReadinessOracle WorkloadOracle,,workload
duplicate_pvc_mounts_astronomy_shop,ab3bbe108a10c3bb136e1bc0f5bf45e6e9e06365,2245,mitigation_oracle,AlertOracle,MitigationOracle,alert,
duplicate_pvc_mounts_astronomy_shop,ab3bbe108a10c3bb136e1bc0f5bf45e6e9e06365,2245,resolution_oracle,MitigationOracle,,,
duplicate_pvc_mounts_astronomy_shop,fdd9f866a65fc016bce6837a867d8e4c343a1046,2280,mitigation_oracle,MitigationOracle,AlertOracle,,alert
duplicate_pvc_mounts_astronomy_shop,fdd9f866a65fc016bce6837a867d8e4c343a1046,2280,resolution_oracle,,MitigationOracle,,
duplicate_pvc_mounts_astronomy_shop,cae3da20041b05ab4a2d463bcd6dc32a97d885da,2389,mitigation_oracle,DuplicatePVCMountsMitigationOracle,MitigationOracle,,
duplicate_pvc_mounts_hotel_reservation,7364f6715df51f64def7d36c21551444e3bcf602,853,mitigation_oracle,SustainedReadinessOracle,,,
duplicate_pvc_mounts_hotel_reservation,2428c1faa5091a1b28f04fe52e2baf4c4cd49dbd,855,mitigation_oracle,WorkloadOracle,,workload,
duplicate_pvc_mounts_hotel_reservation,f0cf51a3473c3478d411296e8808fbcef29463c9,867,mitigation_oracle,MitigationOracle,SustainedReadinessOracle WorkloadOracle,,workload
duplicate_pvc_mounts_hotel_reservation,ab3bbe108a10c3bb136e1bc0f5bf45e6e9e06365,2245,mitigation_oracle,AlertOracle,MitigationOracle,alert,
duplicate_pvc_mounts_hotel_reservation,ab3bbe108a10c3bb136e1bc0f5bf45e6e9e06365,2245,resolution_oracle,MitigationOracle,,,
duplicate_pvc_mounts_hotel_reservation,fdd9f866a65fc016bce6837a867d8e4c343a1046,2280,mitigation_oracle,MitigationOracle,AlertOracle,,alert
duplicate_pvc_mounts_hotel_reservation,fdd9f866a65fc016bce6837a867d8e4c343a1046,2280,resolution_oracle,,MitigationOracle,,
duplicate_pvc_mounts_hotel_reservation,cae3da20041b05ab4a2d463bcd6dc32a97d885da,2389,mitigation_oracle,DuplicatePVCMountsMitigationOracle,MitigationOracle,,
duplicate_pvc_mounts_social_network,7364f6715df51f64def7d36c21551444e3bcf602,853,mitigation_oracle,SustainedReadinessOracle,,,
duplicate_pvc_mounts_social_network,2428c1faa5091a1b28f04fe52e2baf4c4cd49dbd,855,mitigation_oracle,WorkloadOracle,,workload,
duplicate_pvc_mounts_social_network,f0cf51a3473c3478d411296e8808fbcef29463c9,867,mitigation_oracle,MitigationOracle,SustainedReadinessOracle WorkloadOracle,,workload
duplicate_pvc_mounts_social_network,ab3bbe108a10c3bb136e1bc0f5bf45e6e9e06365,2245,mitigation_oracle,AlertOracle,MitigationOracle,alert,
duplicate_pvc_mounts_social_network,ab3bbe108a10c3bb136e1bc0f5bf45e6e9e06365,2245,resolution_oracle,MitigationOracle,,,
duplicate_pvc_mounts_social_network,fdd9f866a65fc016bce6837a867d8e4c343a1046,2280,mitigation_oracle,MitigationOracle,AlertOracle,,alert
duplicate_pvc_mounts_social_network,fdd9f866a65fc016bce6837a867d8e4c343a1046,2280,resolution_oracle,,MitigationOracle,,
duplicate_pvc_mounts_social_network,cae3da20041b05ab4a2d463bcd6dc32a97d885da,2389,mitigation_oracle,DuplicatePVCMountsMitigationOracle,MitigationOracle,,
edge_request_filter_cpu_saturation,2ee8d04673bab04f8592e1caeb2d65e473475a2e,2315,mitigation_oracle,EdgeRequestFilterMitigationOracle,,,
env_variable_shadowing_astronomy_shop,73cec0d484934a8817a3f2848b60eb1188be8c4d,890,mitigation_oracle,MitigationOracle WorkloadOracle,,workload,
env_variable_shadowing_astronomy_shop,e0a2ecc809911258ffe00200929fdebf6cb19583,1092,mitigation_oracle,,WorkloadOracle,,workload
env_variable_shadowing_astronomy_shop,ab3bbe108a10c3bb136e1bc0f5bf45e6e9e06365,2245,mitigation_oracle,AlertOracle,MitigationOracle,alert,
env_variable_shadowing_astronomy_shop,ab3bbe108a10c3bb136e1bc0f5bf45e6e9e06365,2245,resolution_oracle,MitigationOracle,,,
env_variable_shadowing_astronomy_shop,fdd9f866a65fc016bce6837a867d8e4c343a1046,2280,mitigation_oracle,MitigationOracle,AlertOracle,,alert
env_variable_shadowing_astronomy_shop,fdd9f866a65fc016bce6837a867d8e4c343a1046,2280,resolution_oracle,,MitigationOracle,,
env_variable_shadowing_astronomy_shop,cae3da20041b05ab4a2d463bcd6dc32a97d885da,2389,mitigation_oracle,EnvVariableShadowingMitigationOracle,MitigationOracle,,
ephemeral_port_range_hotel_reservation,241d40a94493ff9b52b2f41524a0a26a0451126c,2348,mitigation_oracle,WorkloadOracle,,workload,
expired_tls_hotel_reservation,d0ef8a63d67ec42e6fd27342d09f2fca82d37f6f,2340,mitigation_oracle,ExpiredTlsMitigationOracle,,,
faulty_image_correlated,13c189cc4babe09fb9089f6f4d91891864085b77,1477,mitigation_oracle,IncorrectImageMitigationOracle,,,
faulty_image_correlated,ab3bbe108a10c3bb136e1bc0f5bf45e6e9e06365,2245,mitigation_oracle,AlertOracle,IncorrectImageMitigationOracle,alert,
faulty_image_correlated,ab3bbe108a10c3bb136e1bc0f5bf45e6e9e06365,2245,resolution_oracle,IncorrectImageMitigationOracle,,,
faulty_image_correlated,fdd9f866a65fc016bce6837a867d8e4c343a1046,2280,mitigation_oracle,IncorrectImageMitigationOracle,AlertOracle,,alert
faulty_image_correlated,fdd9f866a65fc016bce6837a867d8e4c343a1046,2280,resolution_oracle,,IncorrectImageMitigationOracle,,
feature_flag_latent_bug_hotel_reservation,e94555365265a110798a85957173a7bd22cabd56,2393,mitigation_oracle,FeatureFlagHttpProbeMitigationOracle MitigationOracle,,,
file_descriptor_exhaustion,0fb49c560982176a2ca241c1ab1f1156fcc2c510,2358,mitigation_oracle,FDMitigationOracle,,,
finalizer_deadlock_controller_hotel_reservation,c210b4af82be1fb0061ede6e475a9b253320b591,2359,mitigation_oracle,FinalizerDeadlockControllerMitigationOracle,,,
gc_capacity_degradation,d1df75d559866765c2a88fdb38a41e17b16ec29f,2239,mitigation_oracle,AlertOracle,,alert,
hpa_missing_effective_cpu_request_hotel_reservation,87be9cd3a1cfcbf074d902b59ba84024c002951c,2343,mitigation_oracle,HPAControlPlaneMitigationOracle,,,
incorrect_image,3b68023f005dd13622122969d6d694b1d8215530,993,mitigation_oracle,IncorrectImageMitigationOracle,,,
incorrect_image,ab3bbe108a10c3bb136e1bc0f5bf45e6e9e06365,2245,mitigation_oracle,AlertOracle,IncorrectImageMitigationOracle,alert,
incorrect_image,ab3bbe108a10c3bb136e1bc0f5bf45e6e9e06365,2245,resolution_oracle,IncorrectImageMitigationOracle,,,
incorrect_image,fdd9f866a65fc016bce6837a867d8e4c343a1046,2280,mitigation_oracle,IncorrectImageMitigationOracle,AlertOracle,,alert
incorrect_image,fdd9f866a65fc016bce6837a867d8e4c343a1046,2280,resolution_oracle,,IncorrectImageMitigationOracle,,
incorrect_port_assignment,6fcf964dfa51dd34b990afbdf7013ed59ab694a8,992,mitigation_oracle,IncorrectPortAssignmentMitigationOracle,,,
incorrect_port_assignment,ab3bbe108a10c3bb136e1bc0f5bf45e6e9e06365,2245,mitigation_oracle,AlertOracle,IncorrectPortAssignmentMitigationOracle,alert,
incorrect_port_assignment,ab3bbe108a10c3bb136e1bc0f5bf45e6e9e06365,2245,resolution_oracle,IncorrectPortAssignmentMitigationOracle,,,
incorrect_port_assignment,fdd9f866a65fc016bce6837a867d8e4c343a1046,2280,mitigation_oracle,IncorrectPortAssignmentMitigationOracle,AlertOracle,,alert
incorrect_port_assignment,fdd9f866a65fc016bce6837a867d8e4c343a1046,2280,resolution_oracle,,IncorrectPortAssignmentMitigationOracle,,
ingress_misroute,4df4461bbfe450787cc77b69083347796c8026a1,927,mitigation_oracle,IngressMisrouteMitigationOracle,,,
ingress_misroute,ab3bbe108a10c3bb136e1bc0f5bf45e6e9e06365,2245,mitigation_oracle,AlertOracle,IngressMisrouteMitigationOracle,alert,
ingress_misroute,ab3bbe108a10c3bb136e1bc0f5bf45e6e9e06365,2245,resolution_oracle,IngressMisrouteMitigationOracle,,,
ingress_misroute,fdd9f866a65fc016bce6837a867d8e4c343a1046,2280,mitigation_oracle,IngressMisrouteMitigationOracle,AlertOracle,,alert
ingress_misroute,fdd9f866a65fc016bce6837a867d8e4c343a1046,2280,resolution_oracle,,IngressMisrouteMitigationOracle,,
init_container_dependency_hang_astronomy_shop,44c94d6347e151c11b30e2ad32284db6aec1cf30,2313,mitigation_oracle,MitigationOracle,,,
init_container_dependency_hang_hotel_reservation,44c94d6347e151c11b30e2ad32284db6aec1cf30,2313,mitigation_oracle,MitigationOracle,,,
init_container_dependency_hang_social_network,44c94d6347e151c11b30e2ad32284db6aec1cf30,2313,mitigation_oracle,MitigationOracle,,,
integer_overflow_primary_key_astronomy_shop,58e9cda26818daee9be66a0c10681d056b028d9b,2452,mitigation_oracle,IntegerOverflowPrimaryKeyMitigationOracle,,,
internal_traffic_policy_local_astronomy_shop,a45613008a27d49f956854f49c93278dda1dc1c4,2344,mitigation_oracle,InternalTrafficPolicyMitigationOracle,,,
k8s_target_port-misconfig,756163400e3c6d0f7a2aa39182716c591e6fe32c,357,mitigation_oracle,MitigationOracle,,,
k8s_target_port-misconfig,073905a652b1a3eedefd5dae8db27bf84c6d2bd5,548,mitigation_oracle,TargetPortMisconfigMitigationOracle,MitigationOracle,,
k8s_target_port-misconfig,0f1b3af802fc414788df0fd32389590b0be0a896,585,mitigation_oracle,WorkloadOracle,,workload,
k8s_target_port-misconfig,e0a2ecc809911258ffe00200929fdebf6cb19583,1092,mitigation_oracle,,WorkloadOracle,,workload
k8s_target_port-misconfig,ab3bbe108a10c3bb136e1bc0f5bf45e6e9e06365,2245,mitigation_oracle,AlertOracle,TargetPortMisconfigMitigationOracle,alert,
k8s_target_port-misconfig,ab3bbe108a10c3bb136e1bc0f5bf45e6e9e06365,2245,resolution_oracle,TargetPortMisconfigMitigationOracle,,,
k8s_target_port-misconfig,fdd9f866a65fc016bce6837a867d8e4c343a1046,2280,mitigation_oracle,TargetPortMisconfigMitigationOracle,AlertOracle,,alert
k8s_target_port-misconfig,fdd9f866a65fc016bce6837a867d8e4c343a1046,2280,resolution_oracle,,TargetPortMisconfigMitigationOracle,,
kafka_poison_pill_hol_block,9bba32a60c9cee587f6bd9f7f08ee50f79724a6f,2337,mitigation_oracle,DataPlaneProgressOracle,,,
kafka_producer_leak,01d1e797a2bf892f993b2717abbe2d4c6af619f8,2398,mitigation_oracle,KafkaProducerLeakOracle,,,
kafka_queue_problems,ab3bbe108a10c3bb136e1bc0f5bf45e6e9e06365,2245,mitigation_oracle,AlertOracle,,alert,
kubelet_crash,ab3bbe108a10c3bb136e1bc0f5bf45e6e9e06365,2245,mitigation_oracle,AlertOracle,,alert,
kubelet_eviction_threshold_misconfig,b5dec2223ab459fe7501454487f9e0157fcf21f1,2342,mitigation_oracle,KubeletEvictionThresholdMisconfigMitigationOracle,,,
liveness_probe_misconfiguration_astronomy_shop,1ba7dd4397b183d7722ee3ae1233adad5d472c82,756,mitigation_oracle,MitigationOracle WorkloadOracle,,workload,
liveness_probe_misconfiguration_astronomy_shop,e0a2ecc809911258ffe00200929fdebf6cb19583,1092,mitigation_oracle,,WorkloadOracle,,workload
liveness_probe_misconfiguration_astronomy_shop,ab3bbe108a10c3bb136e1bc0f5bf45e6e9e06365,2245,mitigation_oracle,AlertOracle,MitigationOracle,alert,
liveness_probe_misconfiguration_astronomy_shop,ab3bbe108a10c3bb136e1bc0f5bf45e6e9e06365,2245,resolution_oracle,MitigationOracle,,,
liveness_probe_misconfiguration_astronomy_shop,fdd9f866a65fc016bce6837a867d8e4c343a1046,2280,mitigation_oracle,MitigationOracle,AlertOracle,,alert
liveness_probe_misconfiguration_astronomy_shop,fdd9f866a65fc016bce6837a867d8e4c343a1046,2280,resolution_oracle,,MitigationOracle,,
liveness_probe_misconfiguration_hotel_reservation,1ba7dd4397b183d7722ee3ae1233adad5d472c82,756,mitigation_oracle,MitigationOracle WorkloadOracle,,workload,
liveness_probe_misconfiguration_hotel_reservation,e0a2ecc809911258ffe00200929fdebf6cb19583,1092,mitigation_oracle,,WorkloadOracle,,workload
liveness_probe_misconfiguration_hotel_reservation,ab3bbe108a10c3bb136e1bc0f5bf45e6e9e06365,2245,mitigation_oracle,AlertOracle,MitigationOracle,alert,
liveness_probe_misconfiguration_hotel_reservation,ab3bbe108a10c3bb136e1bc0f5bf45e6e9e06365,2245,resolution_oracle,MitigationOracle,,,
liveness_probe_misconfiguration_hotel_reservation,fdd9f866a65fc016bce6837a867d8e4c343a1046,2280,mitigation_oracle,MitigationOracle,AlertOracle,,alert
liveness_probe_misconfiguration_hotel_reservation,fdd9f866a65fc016bce6837a867d8e4c343a1046,2280,resolution_oracle,,MitigationOracle,,
liveness_probe_misconfiguration_social_network,1ba7dd4397b183d7722ee3ae1233adad5d472c82,756,mitigation_oracle,MitigationOracle WorkloadOracle,,workload,
liveness_probe_misconfiguration_social_network,e0a2ecc809911258ffe00200929fdebf6cb19583,1092,mitigation_oracle,,WorkloadOracle,,workload
liveness_probe_misconfiguration_social_network,ab3bbe108a10c3bb136e1bc0f5bf45e6e9e06365,2245,mitigation_oracle,AlertOracle,MitigationOracle,alert,
liveness_probe_misconfiguration_social_network,ab3bbe108a10c3bb136e1bc0f5bf45e6e9e06365,2245,resolution_oracle,MitigationOracle,,,
liveness_probe_misconfiguration_social_network,fdd9f866a65fc016bce6837a867d8e4c343a1046,2280,mitigation_oracle,MitigationOracle,AlertOracle,,alert
liveness_probe_misconfiguration_social_network,fdd9f866a65fc016bce6837a867d8e4c343a1046,2280,resolution_oracle,,MitigationOracle,,
liveness_probe_too_aggressive_astronomy_shop,8daaa78b641b2cb4423b93351198102807a548eb,776,mitigation_oracle,MitigationOracle,,,
liveness_probe_too_aggressive_astronomy_shop,b851acdaf13e3c8609aefc3c94e2c384cd44a14b,778,mitigation_oracle,WorkloadOracle,,workload,
liveness_probe_too_aggressive_astronomy_shop,f6e461dc1569b1074ec1f8de601e7feb862e9b1a,780,mitigation_oracle,,WorkloadOracle,,workload
liveness_probe_too_aggressive_astronomy_shop,a5b8e20333612cb36bfa474317edfc94bddca2e6,807,mitigation_oracle,SustainedReadinessOracle,MitigationOracle,,
liveness_probe_too_aggressive_astronomy_shop,ab3bbe108a10c3bb136e1bc0f5bf45e6e9e06365,2245,mitigation_oracle,AlertOracle,SustainedReadinessOracle,alert,
liveness_probe_too_aggressive_astronomy_shop,ab3bbe108a10c3bb136e1bc0f5bf45e6e9e06365,2245,resolution_oracle,SustainedReadinessOracle,,,
liveness_probe_too_aggressive_astronomy_shop,fdd9f866a65fc016bce6837a867d8e4c343a1046,2280,mitigation_oracle,SustainedReadinessOracle,AlertOracle,,alert
liveness_probe_too_aggressive_astronomy_shop,fdd9f866a65fc016bce6837a867d8e4c343a1046,2280,resolution_oracle,,SustainedReadinessOracle,,
liveness_probe_too_aggressive_hotel_reservation,8daaa78b641b2cb4423b93351198102807a548eb,776,mitigation_oracle,MitigationOracle,,,
liveness_probe_too_aggressive_hotel_reservation,b851acdaf13e3c8609aefc3c94e2c384cd44a14b,778,mitigation_oracle,WorkloadOracle,,workload,
liveness_probe_too_aggressive_hotel_reservation,f6e461dc1569b1074ec1f8de601e7feb862e9b1a,780,mitigation_oracle,,WorkloadOracle,,workload
liveness_probe_too_aggressive_hotel_reservation,a5b8e20333612cb36bfa474317edfc94bddca2e6,807,mitigation_oracle,SustainedReadinessOracle,MitigationOracle,,
liveness_probe_too_aggressive_hotel_reservation,ab3bbe108a10c3bb136e1bc0f5bf45e6e9e06365,2245,mitigation_oracle,AlertOracle,SustainedReadinessOracle,alert,
liveness_probe_too_aggressive_hotel_reservation,ab3bbe108a10c3bb136e1bc0f5bf45e6e9e06365,2245,resolution_oracle,SustainedReadinessOracle,,,
liveness_probe_too_aggressive_hotel_reservation,fdd9f866a65fc016bce6837a867d8e4c343a1046,2280,mitigation_oracle,SustainedReadinessOracle,AlertOracle,,alert
liveness_probe_too_aggressive_hotel_reservation,fdd9f866a65fc016bce6837a867d8e4c343a1046,2280,resolution_oracle,,SustainedReadinessOracle,,
liveness_probe_too_aggressive_social_network,8daaa78b641b2cb4423b93351198102807a548eb,776,mitigation_oracle,MitigationOracle,,,
liveness_probe_too_aggressive_social_network,b851acdaf13e3c8609aefc3c94e2c384cd44a14b,778,mitigation_oracle,WorkloadOracle,,workload,
liveness_probe_too_aggressive_social_network,f6e461dc1569b1074ec1f8de601e7feb862e9b1a,780,mitigation_oracle,,WorkloadOracle,,workload
liveness_probe_too_aggressive_social_network,a5b8e20333612cb36bfa474317edfc94bddca2e6,807,mitigation_oracle,SustainedReadinessOracle,MitigationOracle,,
liveness_probe_too_aggressive_social_network,ab3bbe108a10c3bb136e1bc0f5bf45e6e9e06365,2245,mitigation_oracle,AlertOracle,SustainedReadinessOracle,alert,
liveness_probe_too_aggressive_social_network,ab3bbe108a10c3bb136e1bc0f5bf45e6e9e06365,2245,resolution_oracle,SustainedReadinessOracle,,,
liveness_probe_too_aggressive_social_network,fdd9f866a65fc016bce6837a867d8e4c343a1046,2280,mitigation_oracle,SustainedReadinessOracle,AlertOracle,,alert
liveness_probe_too_aggressive_social_network,fdd9f866a65fc016bce6837a867d8e4c343a1046,2280,resolution_oracle,,SustainedReadinessOracle,,
load_spike_rpc_retry_storm,e8e35b184435384dc2697aa750e9fc7540116c74,1515,mitigation_oracle,RPCRetryStormMitigationOracle,,,
load_spike_rpc_retry_storm,ab3bbe108a10c3bb136e1bc0f5bf45e6e9e06365,2245,mitigation_oracle,AlertOracle,RPCRetryStormMitigationOracle,alert,
load_spike_rpc_retry_storm,ab3bbe108a10c3bb136e1bc0f5bf45e6e9e06365,2245,resolution_oracle,RPCRetryStormMitigationOracle,,,
load_spike_rpc_retry_storm,fdd9f866a65fc016bce6837a867d8e4c343a1046,2280,resolution_oracle,,RPCRetryStormMitigationOracle,,
loadgenerator_flood_homepage,ab3bbe108a10c3bb136e1bc0f5bf45e6e9e06365,2245,mitigation_oracle,AlertOracle,,alert,
misconfig_app_hotel_res,ecb6c7b9e055d529cd5f7babd52ee7ae4d7a485d,419,mitigation_oracle,MitigationOracle,,,
misconfig_app_hotel_res,0f1b3af802fc414788df0fd32389590b0be0a896,585,mitigation_oracle,WorkloadOracle,,workload,
misconfig_app_hotel_res,e0a2ecc809911258ffe00200929fdebf6cb19583,1092,mitigation_oracle,,WorkloadOracle,,workload
misconfig_app_hotel_res,b39ce848a6be81a68e170c1308968ac99a4d0af9,2207,mitigation_oracle,IncorrectImageMitigationOracle,MitigationOracle,,
misconfig_app_hotel_res,ab3bbe108a10c3bb136e1bc0f5bf45e6e9e06365,2245,mitigation_oracle,AlertOracle,IncorrectImageMitigationOracle,alert,
misconfig_app_hotel_res,ab3bbe108a10c3bb136e1bc0f5bf45e6e9e06365,2245,resolution_oracle,IncorrectImageMitigationOracle,,,
misconfig_app_hotel_res,fdd9f866a65fc016bce6837a867d8e4c343a1046,2280,mitigation_oracle,IncorrectImageMitigationOracle,AlertOracle,,alert
misconfig_app_hotel_res,fdd9f866a65fc016bce6837a867d8e4c343a1046,2280,resolution_oracle,,IncorrectImageMitigationOracle,,
missing_configmap_hotel_reservation,434fb72abdf91637d65ded92f50e75b9e733c0e1,1421,mitigation_oracle,MitigationOracle,,,
missing_configmap_hotel_reservation,ab3bbe108a10c3bb136e1bc0f5bf45e6e9e06365,2245,mitigation_oracle,AlertOracle,MitigationOracle,alert,
missing_configmap_hotel_reservation,ab3bbe108a10c3bb136e1bc0f5bf45e6e9e06365,2245,resolution_oracle,MitigationOracle,,,
missing_configmap_hotel_reservation,fdd9f866a65fc016bce6837a867d8e4c343a1046,2280,mitigation_oracle,MitigationOracle,AlertOracle,,alert
missing_configmap_hotel_reservation,fdd9f866a65fc016bce6837a867d8e4c343a1046,2280,resolution_oracle,,MitigationOracle,,
missing_configmap_social_network,434fb72abdf91637d65ded92f50e75b9e733c0e1,1421,mitigation_oracle,MitigationOracle,,,
missing_configmap_social_network,ab3bbe108a10c3bb136e1bc0f5bf45e6e9e06365,2245,mitigation_oracle,AlertOracle,MitigationOracle,alert,
missing_configmap_social_network,ab3bbe108a10c3bb136e1bc0f5bf45e6e9e06365,2245,resolution_oracle,MitigationOracle,,,
missing_configmap_social_network,fdd9f866a65fc016bce6837a867d8e4c343a1046,2280,mitigation_oracle,MitigationOracle,AlertOracle,,alert
missing_configmap_social_network,fdd9f866a65fc016bce6837a867d8e4c343a1046,2280,resolution_oracle,,MitigationOracle,,
missing_env_variable_astronomy_shop,3f3dfdeec782e49ee1ca974957d57abde95a2b6a,1420,mitigation_oracle,MissingEnvVariableMitigationOracle,,,
missing_env_variable_astronomy_shop,ab3bbe108a10c3bb136e1bc0f5bf45e6e9e06365,2245,mitigation_oracle,AlertOracle,MissingEnvVariableMitigationOracle,alert,
missing_env_variable_astronomy_shop,ab3bbe108a10c3bb136e1bc0f5bf45e6e9e06365,2245,resolution_oracle,MissingEnvVariableMitigationOracle,,,
missing_env_variable_astronomy_shop,fdd9f866a65fc016bce6837a867d8e4c343a1046,2280,mitigation_oracle,MissingEnvVariableMitigationOracle,AlertOracle,,alert
missing_env_variable_astronomy_shop,fdd9f866a65fc016bce6837a867d8e4c343a1046,2280,resolution_oracle,,MissingEnvVariableMitigationOracle,,
missing_service_astronomy_shop,88a7ad402ecf70b3848a0858565000a6a603948a,619,mitigation_oracle,MitigationOracle WorkloadOracle,,workload,
missing_service_astronomy_shop,e0a2ecc809911258ffe00200929fdebf6cb19583,1092,mitigation_oracle,,WorkloadOracle,,workload
missing_service_astronomy_shop,ab3bbe108a10c3bb136e1bc0f5bf45e6e9e06365,2245,mitigation_oracle,AlertOracle,MitigationOracle,alert,
missing_service_astronomy_shop,ab3bbe108a10c3bb136e1bc0f5bf45e6e9e06365,2245,resolution_oracle,MitigationOracle,,,
missing_service_astronomy_shop,fdd9f866a65fc016bce6837a867d8e4c343a1046,2280,mitigation_oracle,MitigationOracle,AlertOracle,,alert
missing_service_astronomy_shop,fdd9f866a65fc016bce6837a867d8e4c343a1046,2280,resolution_oracle,,MitigationOracle,,
missing_service_hotel_reservation,88a7ad402ecf70b3848a0858565000a6a603948a,619,mitigation_oracle,MitigationOracle WorkloadOracle,,workload,
missing_service_hotel_reservation,e0a2ecc809911258ffe00200929fdebf6cb19583,1092,mitigation_oracle,,WorkloadOracle,,workload
missing_service_hotel_reservation,ab3bbe108a10c3bb136e1bc0f5bf45e6e9e06365,2245,mitigation_oracle,AlertOracle,MitigationOracle,alert,
missing_service_hotel_reservation,ab3bbe108a10c3bb136e1bc0f5bf45e6e9e06365,2245,resolution_oracle,MitigationOracle,,,
missing_service_hotel_reservation,fdd9f866a65fc016bce6837a867d8e4c343a1046,2280,mitigation_oracle,MitigationOracle,AlertOracle,,alert
missing_service_hotel_reservation,fdd9f866a65fc016bce6837a867d8e4c343a1046,2280,resolution_oracle,,MitigationOracle,,
missing_service_social_network,88a7ad402ecf70b3848a0858565000a6a603948a,619,mitigation_oracle,MitigationOracle WorkloadOracle,,workload,
missing_service_social_network,e0a2ecc809911258ffe00200929fdebf6cb19583,1092,mitigation_oracle,,WorkloadOracle,,workload
missing_service_social_network,ab3bbe108a10c3bb136e1bc0f5bf45e6e9e06365,2245,mitigation_oracle,AlertOracle,MitigationOracle,alert,
missing_service_social_network,ab3bbe108a10c3bb136e1bc0f5bf45e6e9e06365,2245,resolution_oracle,MitigationOracle,,,
missing_service_social_network,fdd9f866a65fc016bce6837a867d8e4c343a1046,2280,mitigation_oracle,MitigationOracle,AlertOracle,,alert
missing_service_social_network,fdd9f866a65fc016bce6837a867d8e4c343a1046,2280,resolution_oracle,,MitigationOracle,,
mutating_webhook_resource_limits_social_network,d6349572d3648f9290b0adca26942350fcf2ce51,2356,mitigation_oracle,DeploymentReadinessOracle,,,
mutating_webhook_resource_limits_social_network,cae3da20041b05ab4a2d463bcd6dc32a97d885da,2389,mitigation_oracle,MutatingWebhookResourceLimitsMitigationOracle,DeploymentReadinessOracle,,
namespace_memory_limit,3cf6dd2de6de27e87e8c03cd49dec83c1ad966ec,998,mitigation_oracle,NamespaceMemoryLimitMitigationOracle,,,
namespace_memory_limit,ab3bbe108a10c3bb136e1bc0f5bf45e6e9e06365,2245,mitigation_oracle,AlertOracle,NamespaceMemoryLimitMitigationOracle,alert,
namespace_memory_limit,ab3bbe108a10c3bb136e1bc0f5bf45e6e9e06365,2245,resolution_oracle,NamespaceMemoryLimitMitigationOracle,,,
namespace_memory_limit,fdd9f866a65fc016bce6837a867d8e4c343a1046,2280,mitigation_oracle,NamespaceMemoryLimitMitigationOracle,AlertOracle,,alert
namespace_memory_limit,fdd9f866a65fc016bce6837a867d8e4c343a1046,2280,resolution_oracle,,NamespaceMemoryLimitMitigationOracle,,
network_policy_block,367fb82470cf3188f24404d245eb754887ac6a13,784,mitigation_oracle,MitigationOracle,,,
network_policy_block,a98f73f293a4333cdae4eec953d13fb1ab63625b,878,mitigation_oracle,NetworkPolicyDetectionOracle,MitigationOracle,,
network_policy_block,6ede9ce068227a5b7bd1232ae87a3ccbbfbed1aa,887,mitigation_oracle,NetworkPolicyMitigationOracle,NetworkPolicyDetectionOracle,,
network_policy_block,ab3bbe108a10c3bb136e1bc0f5bf45e6e9e06365,2245,mitigation_oracle,AlertOracle,NetworkPolicyMitigationOracle,alert,
network_policy_block,ab3bbe108a10c3bb136e1bc0f5bf45e6e9e06365,2245,resolution_oracle,NetworkPolicyMitigationOracle,,,
network_policy_block,fdd9f866a65fc016bce6837a867d8e4c343a1046,2280,mitigation_oracle,NetworkPolicyMitigationOracle,AlertOracle,,alert
network_policy_block,fdd9f866a65fc016bce6837a867d8e4c343a1046,2280,resolution_oracle,,NetworkPolicyMitigationOracle,,
nightly_rebalance_oom_hotel_reservation,6b78c473df81d8362a9e2a22ec8fcb5da1791253,2367,mitigation_oracle,NightlyRebalanceOOMMitigationOracle,,,
node_clock_drift_hotel_reservation,e62c69615ed73ca879d7ce1d9f57984237c1e9de,2382,mitigation_oracle,NodeClockDriftMitigationOracle,,,
node_conntrack_exhaustion_hotel_reservation,fc667839be4755459a6d0deacbc4135ea19f4afb,2323,mitigation_oracle,ConntrackMitigationOracle,,,
operator_invalid_affinity_toleration,e586591c902a86e3496213bc25b03eab708d5798,1459,mitigation_oracle,InvalidAffinityMitigationOracle,,,
operator_invalid_affinity_toleration,ab3bbe108a10c3bb136e1bc0f5bf45e6e9e06365,2245,mitigation_oracle,AlertOracle,InvalidAffinityMitigationOracle,alert,
operator_invalid_affinity_toleration,ab3bbe108a10c3bb136e1bc0f5bf45e6e9e06365,2245,resolution_oracle,InvalidAffinityMitigationOracle,,,
operator_invalid_affinity_toleration,fdd9f866a65fc016bce6837a867d8e4c343a1046,2280,mitigation_oracle,InvalidAffinityMitigationOracle,AlertOracle,,alert
operator_invalid_affinity_toleration,fdd9f866a65fc016bce6837a867d8e4c343a1046,2280,resolution_oracle,,InvalidAffinityMitigationOracle,,
operator_non_existent_storage,e586591c902a86e3496213bc25b03eab708d5798,1459,mitigation_oracle,NonExistentStorageClassMitigationOracle,,,
operator_non_existent_storage,ab3bbe108a10c3bb136e1bc0f5bf45e6e9e06365,2245,mitigation_oracle,AlertOracle,NonExistentStorageClassMitigationOracle,alert,
operator_non_existent_storage,ab3bbe108a10c3bb136e1bc0f5bf45e6e9e06365,2245,resolution_oracle,NonExistentStorageClassMitigationOracle,,,
operator_non_existent_storage,fdd9f866a65fc016bce6837a867d8e4c343a1046,2280,mitigation_oracle,NonExistentStorageClassMitigationOracle,AlertOracle,,alert
operator_non_existent_storage,fdd9f866a65fc016bce6837a867d8e4c343a1046,2280,resolution_oracle,,NonExistentStorageClassMitigationOracle,,
operator_overload_replicas,e586591c902a86e3496213bc25b03eab708d5798,1459,mitigation_oracle,OverloadReplicasMitigationOracle,,,
operator_overload_replicas,ab3bbe108a10c3bb136e1bc0f5bf45e6e9e06365,2245,mitigation_oracle,AlertOracle,OverloadReplicasMitigationOracle,alert,
operator_overload_replicas,ab3bbe108a10c3bb136e1bc0f5bf45e6e9e06365,2245,resolution_oracle,OverloadReplicasMitigationOracle,,,
operator_overload_replicas,fdd9f866a65fc016bce6837a867d8e4c343a1046,2280,mitigation_oracle,OverloadReplicasMitigationOracle,AlertOracle,,alert
operator_overload_replicas,fdd9f866a65fc016bce6837a867d8e4c343a1046,2280,resolution_oracle,,OverloadReplicasMitigationOracle,,
operator_security_context_fault,e586591c902a86e3496213bc25b03eab708d5798,1459,mitigation_oracle,SecurityContextMitigationOracle,,,
operator_security_context_fault,ab3bbe108a10c3bb136e1bc0f5bf45e6e9e06365,2245,mitigation_oracle,AlertOracle,SecurityContextMitigationOracle,alert,
operator_security_context_fault,ab3bbe108a10c3bb136e1bc0f5bf45e6e9e06365,2245,resolution_oracle,SecurityContextMitigationOracle,,,
operator_security_context_fault,fdd9f866a65fc016bce6837a867d8e4c343a1046,2280,mitigation_oracle,SecurityContextMitigationOracle,AlertOracle,,alert
operator_security_context_fault,fdd9f866a65fc016bce6837a867d8e4c343a1046,2280,resolution_oracle,,SecurityContextMitigationOracle,,
operator_wrong_operator_image,cb9912fad547cfebe05d8db2667417583df5d4a7,2178,mitigation_oracle,MitigationOracle,,,
operator_wrong_operator_image,ab3bbe108a10c3bb136e1bc0f5bf45e6e9e06365,2245,mitigation_oracle,AlertOracle,MitigationOracle,alert,
operator_wrong_operator_image,ab3bbe108a10c3bb136e1bc0f5bf45e6e9e06365,2245,resolution_oracle,MitigationOracle,,,
operator_wrong_operator_image,fdd9f866a65fc016bce6837a867d8e4c343a1046,2280,mitigation_oracle,MitigationOracle,AlertOracle,,alert
operator_wrong_operator_image,fdd9f866a65fc016bce6837a867d8e4c343a1046,2280,resolution_oracle,,MitigationOracle,,
operator_wrong_update_strategy_fault,e586591c902a86e3496213bc25b03eab708d5798,1459,mitigation_oracle,WrongUpdateStrategyMitigationOracle,,,
operator_wrong_update_strategy_fault,ab3bbe108a10c3bb136e1bc0f5bf45e6e9e06365,2245,mitigation_oracle,AlertOracle,WrongUpdateStrategyMitigationOracle,alert,
operator_wrong_update_strategy_fault,ab3bbe108a10c3bb136e1bc0f5bf45e6e9e06365,2245,resolution_oracle,WrongUpdateStrategyMitigationOracle,,,
operator_wrong_update_strategy_fault,fdd9f866a65fc016bce6837a867d8e4c343a1046,2280,mitigation_oracle,WrongUpdateStrategyMitigationOracle,AlertOracle,,alert
operator_wrong_update_strategy_fault,fdd9f866a65fc016bce6837a867d8e4c343a1046,2280,resolution_oracle,,WrongUpdateStrategyMitigationOracle,,
persistent_volume_affinity_violation,976ea9eb322213acc205e484e011fc0085feccc0,1045,mitigation_oracle,MitigationOracle,,,
persistent_volume_affinity_violation,ab3bbe108a10c3bb136e1bc0f5bf45e6e9e06365,2245,mitigation_oracle,AlertOracle,MitigationOracle,alert,
persistent_volume_affinity_violation,ab3bbe108a10c3bb136e1bc0f5bf45e6e9e06365,2245,resolution_oracle,MitigationOracle,,,
persistent_volume_affinity_violation,fdd9f866a65fc016bce6837a867d8e4c343a1046,2280,mitigation_oracle,MitigationOracle,AlertOracle,,alert
persistent_volume_affinity_violation,fdd9f866a65fc016bce6837a867d8e4c343a1046,2280,resolution_oracle,,MitigationOracle,,
pod_anti_affinity_deadlock,fca38c34aec786adc432dc3a0791794b100e87be,1008,mitigation_oracle,MitigationOracle WorkloadOracle,,workload,
pod_anti_affinity_deadlock,fbe6f6aabb39635dc775282792b10a558629ef21,1009,mitigation_oracle,,WorkloadOracle,,workload
pod_anti_affinity_deadlock,ab3bbe108a10c3bb136e1bc0f5bf45e6e9e06365,2245,mitigation_oracle,AlertOracle,MitigationOracle,alert,
pod_anti_affinity_deadlock,ab3bbe108a10c3bb136e1bc0f5bf45e6e9e06365,2245,resolution_oracle,MitigationOracle,,,
pod_anti_affinity_deadlock,fdd9f866a65fc016bce6837a867d8e4c343a1046,2280,mitigation_oracle,MitigationOracle,AlertOracle,,alert
pod_anti_affinity_deadlock,fdd9f866a65fc016bce6837a867d8e4c343a1046,2280,resolution_oracle,,MitigationOracle,,
pod_cidr_exhaustion_hotel_reservation,cea3da376ef3600adc91dc98abd27ee1fcd52fce,2333,mitigation_oracle,MitigationOracle,,,
postgres_lock_contention_product_catalog,170b950fd85af5cace5ecc4307c4066aad35418b,2400,mitigation_oracle,PostgresLockMitigationOracle,,,
priority_preemption_cascade_hotel_reservation,6b7bdd5b190c09c32722e723298c59c542cf1a18,2347,mitigation_oracle,PriorityPreemptionMitigationOracle,,,
psa_restricted_blocks_recreation_hotel_reservation,23e2bd5dd4fac14d88e22aca6af73bba3114b185,2362,mitigation_oracle,DeploymentReadinessOracle,,,
pvc_claim_mismatch,06bebf7343b006b5510494ce3d6069a395e80bcd,1183,mitigation_oracle,MitigationOracle WorkloadOracle,,workload,
pvc_claim_mismatch,4314c5f9092585d3759d9d4f43023e11827f8017,1198,mitigation_oracle,,WorkloadOracle,,workload
pvc_claim_mismatch,ab3bbe108a10c3bb136e1bc0f5bf45e6e9e06365,2245,mitigation_oracle,AlertOracle,MitigationOracle,alert,
pvc_claim_mismatch,ab3bbe108a10c3bb136e1bc0f5bf45e6e9e06365,2245,resolution_oracle,MitigationOracle,,,
pvc_claim_mismatch,fdd9f866a65fc016bce6837a867d8e4c343a1046,2280,mitigation_oracle,MitigationOracle,AlertOracle,,alert
pvc_claim_mismatch,fdd9f866a65fc016bce6837a867d8e4c343a1046,2280,resolution_oracle,,MitigationOracle,,
rbac_misconfiguration,6c9235fce8307d1c9d0926b8676fcbd8c520e7a4,1582,mitigation_oracle,MitigationOracle,,,
rbac_misconfiguration,ab3bbe108a10c3bb136e1bc0f5bf45e6e9e06365,2245,mitigation_oracle,AlertOracle,MitigationOracle,alert,
rbac_misconfiguration,ab3bbe108a10c3bb136e1bc0f5bf45e6e9e06365,2245,resolution_oracle,MitigationOracle,,,
rbac_misconfiguration,fdd9f866a65fc016bce6837a867d8e4c343a1046,2280,mitigation_oracle,MitigationOracle,AlertOracle,,alert
rbac_misconfiguration,fdd9f866a65fc016bce6837a867d8e4c343a1046,2280,resolution_oracle,,MitigationOracle,,
readiness_probe_misconfiguration_astronomy_shop,971f00200c3f12ba9a520760e766b0780b0be2ba,749,mitigation_oracle,MitigationOracle WorkloadOracle,,workload,
readiness_probe_misconfiguration_astronomy_shop,e0a2ecc809911258ffe00200929fdebf6cb19583,1092,mitigation_oracle,,WorkloadOracle,,workload
readiness_probe_misconfiguration_astronomy_shop,ab3bbe108a10c3bb136e1bc0f5bf45e6e9e06365,2245,mitigation_oracle,AlertOracle,MitigationOracle,alert,
readiness_probe_misconfiguration_astronomy_shop,ab3bbe108a10c3bb136e1bc0f5bf45e6e9e06365,2245,resolution_oracle,MitigationOracle,,,
readiness_probe_misconfiguration_astronomy_shop,fdd9f866a65fc016bce6837a867d8e4c343a1046,2280,mitigation_oracle,MitigationOracle,AlertOracle,,alert
readiness_probe_misconfiguration_astronomy_shop,fdd9f866a65fc016bce6837a867d8e4c343a1046,2280,resolution_oracle,,MitigationOracle,,
readiness_probe_misconfiguration_astronomy_shop,cae3da20041b05ab4a2d463bcd6dc32a97d885da,2389,mitigation_oracle,ReadinessProbeMitigationOracle,MitigationOracle,,
readiness_probe_misconfiguration_hotel_reservation,971f00200c3f12ba9a520760e766b0780b0be2ba,749,mitigation_oracle,MitigationOracle WorkloadOracle,,workload,
readiness_probe_misconfiguration_hotel_reservation,e0a2ecc809911258ffe00200929fdebf6cb19583,1092,mitigation_oracle,,WorkloadOracle,,workload
readiness_probe_misconfiguration_hotel_reservation,ab3bbe108a10c3bb136e1bc0f5bf45e6e9e06365,2245,mitigation_oracle,AlertOracle,MitigationOracle,alert,
readiness_probe_misconfiguration_hotel_reservation,ab3bbe108a10c3bb136e1bc0f5bf45e6e9e06365,2245,resolution_oracle,MitigationOracle,,,
readiness_probe_misconfiguration_hotel_reservation,fdd9f866a65fc016bce6837a867d8e4c343a1046,2280,mitigation_oracle,MitigationOracle,AlertOracle,,alert
readiness_probe_misconfiguration_hotel_reservation,fdd9f866a65fc016bce6837a867d8e4c343a1046,2280,resolution_oracle,,MitigationOracle,,
readiness_probe_misconfiguration_hotel_reservation,cae3da20041b05ab4a2d463bcd6dc32a97d885da,2389,mitigation_oracle,ReadinessProbeMitigationOracle,MitigationOracle,,
readiness_probe_misconfiguration_social_network,971f00200c3f12ba9a520760e766b0780b0be2ba,749,mitigation_oracle,MitigationOracle WorkloadOracle,,workload,
readiness_probe_misconfiguration_social_network,e0a2ecc809911258ffe00200929fdebf6cb19583,1092,mitigation_oracle,,WorkloadOracle,,workload
readiness_probe_misconfiguration_social_network,ab3bbe108a10c3bb136e1bc0f5bf45e6e9e06365,2245,mitigation_oracle,AlertOracle,MitigationOracle,alert,
readiness_probe_misconfiguration_social_network,ab3bbe108a10c3bb136e1bc0f5bf45e6e9e06365,2245,resolution_oracle,MitigationOracle,,,
readiness_probe_misconfiguration_social_network,fdd9f866a65fc016bce6837a867d8e4c343a1046,2280,mitigation_oracle,MitigationOracle,AlertOracle,,alert
readiness_probe_misconfiguration_social_network,fdd9f866a65fc016bce6837a867d8e4c343a1046,2280,resolution_oracle,,MitigationOracle,,
readiness_probe_misconfiguration_social_network,cae3da20041b05ab4a2d463bcd6dc32a97d885da,2389,mitigation_oracle,ReadinessProbeMitigationOracle,MitigationOracle,,
revoke_auth_mongodb-1,17f72fcc8abc7e69230f4113e7c986f4b978f82b,409,mitigation_oracle,MitigationOracle,,,
revoke_auth_mongodb-1,0f1b3af802fc414788df0fd32389590b0be0a896,585,mitigation_oracle,WorkloadOracle,,workload,
revoke_auth_mongodb-1,e0a2ecc809911258ffe00200929fdebf6cb19583,1092,mitigation_oracle,,WorkloadOracle,,workload
revoke_auth_mongodb-1,ab3bbe108a10c3bb136e1bc0f5bf45e6e9e06365,2245,mitigation_oracle,AlertOracle,MitigationOracle,alert,
revoke_auth_mongodb-1,ab3bbe108a10c3bb136e1bc0f5bf45e6e9e06365,2245,resolution_oracle,MitigationOracle,,,
revoke_auth_mongodb-1,fdd9f866a65fc016bce6837a867d8e4c343a1046,2280,mitigation_oracle,MitigationOracle,AlertOracle,,alert
revoke_auth_mongodb-1,fdd9f866a65fc016bce6837a867d8e4c343a1046,2280,resolution_oracle,,MitigationOracle,,
revoke_auth_mongodb-2,17f72fcc8abc7e69230f4113e7c986f4b978f82b,409,mitigation_oracle,MitigationOracle,,,
revoke_auth_mongodb-2,0f1b3af802fc414788df0fd32389590b0be0a896,585,mitigation_oracle,WorkloadOracle,,workload,
revoke_auth_mongodb-2,e0a2ecc809911258ffe00200929fdebf6cb19583,1092,mitigation_oracle,,WorkloadOracle,,workload
revoke_auth_mongodb-2,ab3bbe108a10c3bb136e1bc0f5bf45e6e9e06365,2245,mitigation_oracle,AlertOracle,MitigationOracle,alert,
revoke_auth_mongodb-2,ab3bbe108a10c3bb136e1bc0f5bf45e6e9e06365,2245,resolution_oracle,MitigationOracle,,,
revoke_auth_mongodb-2,fdd9f866a65fc016bce6837a867d8e4c343a1046,2280,mitigation_oracle,MitigationOracle,AlertOracle,,alert
revoke_auth_mongodb-2,fdd9f866a65fc016bce6837a867d8e4c343a1046,2280,resolution_oracle,,MitigationOracle,,
rolling_update_misconfigured_hotel_reservation,95b1a81c7f3c7f8a0f2c159c038c960ada48f89b,909,mitigation_oracle,RollingUpdateMitigationOracle WorkloadOracle,,workload,
rolling_update_misconfigured_hotel_reservation,e0a2ecc809911258ffe00200929fdebf6cb19583,1092,mitigation_oracle,,WorkloadOracle,,workload
rolling_update_misconfigured_hotel_reservation,ab3bbe108a10c3bb136e1bc0f5bf45e6e9e06365,2245,mitigation_oracle,AlertOracle,RollingUpdateMitigationOracle,alert,
rolling_update_misconfigured_hotel_reservation,ab3bbe108a10c3bb136e1bc0f5bf45e6e9e06365,2245,resolution_oracle,RollingUpdateMitigationOracle,,,
rolling_update_misconfigured_hotel_reservation,fdd9f866a65fc016bce6837a867d8e4c343a1046,2280,mitigation_oracle,RollingUpdateMitigationOracle,AlertOracle,,alert
rolling_update_misconfigured_hotel_reservation,fdd9f866a65fc016bce6837a867d8e4c343a1046,2280,resolution_oracle,,RollingUpdateMitigationOracle,,
rolling_update_misconfigured_social_network,95b1a81c7f3c7f8a0f2c159c038c960ada48f89b,909,mitigation_oracle,RollingUpdateMitigationOracle WorkloadOracle,,workload,
rolling_update_misconfigured_social_network,e0a2ecc809911258ffe00200929fdebf6cb19583,1092,mitigation_oracle,,WorkloadOracle,,workload
rolling_update_misconfigured_social_network,ab3bbe108a10c3bb136e1bc0f5bf45e6e9e06365,2245,mitigation_oracle,AlertOracle,RollingUpdateMitigationOracle,alert,
rolling_update_misconfigured_social_network,ab3bbe108a10c3bb136e1bc0f5bf45e6e9e06365,2245,resolution_oracle,RollingUpdateMitigationOracle,,,
rolling_update_misconfigured_social_network,fdd9f866a65fc016bce6837a867d8e4c343a1046,2280,mitigation_oracle,RollingUpdateMitigationOracle,AlertOracle,,alert
rolling_update_misconfigured_social_network,fdd9f866a65fc016bce6837a867d8e4c343a1046,2280,resolution_oracle,,RollingUpdateMitigationOracle,,
scale_pod_zero_social_net,8cd745e4c395fb281bee441088615c540c1a5380,422,mitigation_oracle,MitigationOracle,,,
scale_pod_zero_social_net,ace54c024f88b25d9a1253a1f567c892a76ad52b,549,mitigation_oracle,ScalePodZeroMitigationOracle,MitigationOracle,,
scale_pod_zero_social_net,0f1b3af802fc414788df0fd32389590b0be0a896,585,mitigation_oracle,WorkloadOracle,,workload,
scale_pod_zero_social_net,e0a2ecc809911258ffe00200929fdebf6cb19583,1092,mitigation_oracle,,WorkloadOracle,,workload
scale_pod_zero_social_net,ab3bbe108a10c3bb136e1bc0f5bf45e6e9e06365,2245,mitigation_oracle,AlertOracle,ScalePodZeroMitigationOracle,alert,
scale_pod_zero_social_net,ab3bbe108a10c3bb136e1bc0f5bf45e6e9e06365,2245,resolution_oracle,ScalePodZeroMitigationOracle,,,
scale_pod_zero_social_net,fdd9f866a65fc016bce6837a867d8e4c343a1046,2280,mitigation_oracle,ScalePodZeroMitigationOracle,AlertOracle,,alert
scale_pod_zero_social_net,fdd9f866a65fc016bce6837a867d8e4c343a1046,2280,resolution_oracle,,ScalePodZeroMitigationOracle,,
search_rate_retry_collapse_hotel_reservation,3ae8cc87100d85094bf5ee5c07d61464df56dacd,2401,mitigation_oracle,SearchRateRetryMitigationOracle,,,
service_dns_resolution_failure_astronomy_shop,fd27c45f8796b5a6bbbcf0fd3f5d888f5bcfa470,695,mitigation_oracle,DNSResolutionMitigationOracle WorkloadOracle,,workload,
service_dns_resolution_failure_astronomy_shop,e0a2ecc809911258ffe00200929fdebf6cb19583,1092,mitigation_oracle,,WorkloadOracle,,workload
service_dns_resolution_failure_astronomy_shop,ab3bbe108a10c3bb136e1bc0f5bf45e6e9e06365,2245,mitigation_oracle,AlertOracle,DNSResolutionMitigationOracle,alert,
service_dns_resolution_failure_astronomy_shop,ab3bbe108a10c3bb136e1bc0f5bf45e6e9e06365,2245,resolution_oracle,DNSResolutionMitigationOracle,,,
service_dns_resolution_failure_astronomy_shop,fdd9f866a65fc016bce6837a867d8e4c343a1046,2280,mitigation_oracle,DNSResolutionMitigationOracle,AlertOracle,,alert
service_dns_resolution_failure_astronomy_shop,fdd9f866a65fc016bce6837a867d8e4c343a1046,2280,resolution_oracle,,DNSResolutionMitigationOracle,,
service_dns_resolution_failure_social_network,fd27c45f8796b5a6bbbcf0fd3f5d888f5bcfa470,695,mitigation_oracle,DNSResolutionMitigationOracle WorkloadOracle,,workload,
service_dns_resolution_failure_social_network,e0a2ecc809911258ffe00200929fdebf6cb19583,1092,mitigation_oracle,,WorkloadOracle,,workload
service_dns_resolution_failure_social_network,ab3bbe108a10c3bb136e1bc0f5bf45e6e9e06365,2245,mitigation_oracle,AlertOracle,DNSResolutionMitigationOracle,alert,
service_dns_resolution_failure_social_network,ab3bbe108a10c3bb136e1bc0f5bf45e6e9e06365,2245,resolution_oracle,DNSResolutionMitigationOracle,,,
service_dns_resolution_failure_social_network,fdd9f866a65fc016bce6837a867d8e4c343a1046,2280,mitigation_oracle,DNSResolutionMitigationOracle,AlertOracle,,alert
service_dns_resolution_failure_social_network,fdd9f866a65fc016bce6837a867d8e4c343a1046,2280,resolution_oracle,,DNSResolutionMitigationOracle,,
service_port_conflict_astronomy_shop,fc48c89197795e07f5f02926e03bf411a8998ac6,2094,mitigation_oracle,MitigationOracle,,,
service_port_conflict_astronomy_shop,ab3bbe108a10c3bb136e1bc0f5bf45e6e9e06365,2245,mitigation_oracle,AlertOracle,MitigationOracle,alert,
service_port_conflict_astronomy_shop,ab3bbe108a10c3bb136e1bc0f5bf45e6e9e06365,2245,resolution_oracle,MitigationOracle,,,
service_port_conflict_astronomy_shop,fdd9f866a65fc016bce6837a867d8e4c343a1046,2280,mitigation_oracle,MitigationOracle,AlertOracle,,alert
service_port_conflict_astronomy_shop,fdd9f866a65fc016bce6837a867d8e4c343a1046,2280,resolution_oracle,,MitigationOracle,,
service_port_conflict_hotel_reservation,fc48c89197795e07f5f02926e03bf411a8998ac6,2094,mitigation_oracle,MitigationOracle,,,
service_port_conflict_hotel_reservation,ab3bbe108a10c3bb136e1bc0f5bf45e6e9e06365,2245,mitigation_oracle,AlertOracle,MitigationOracle,alert,
service_port_conflict_hotel_reservation,ab3bbe108a10c3bb136e1bc0f5bf45e6e9e06365,2245,resolution_oracle,MitigationOracle,,,
service_port_conflict_hotel_reservation,fdd9f866a65fc016bce6837a867d8e4c343a1046,2280,mitigation_oracle,MitigationOracle,AlertOracle,,alert
service_port_conflict_hotel_reservation,fdd9f866a65fc016bce6837a867d8e4c343a1046,2280,resolution_oracle,,MitigationOracle,,
service_port_conflict_social_network,fc48c89197795e07f5f02926e03bf411a8998ac6,2094,mitigation_oracle,MitigationOracle,,,
service_port_conflict_social_network,ab3bbe108a10c3bb136e1bc0f5bf45e6e9e06365,2245,mitigation_oracle,AlertOracle,MitigationOracle,alert,
service_port_conflict_social_network,ab3bbe108a10c3bb136e1bc0f5bf45e6e9e06365,2245,resolution_oracle,MitigationOracle,,,
service_port_conflict_social_network,fdd9f866a65fc016bce6837a867d8e4c343a1046,2280,mitigation_oracle,MitigationOracle,AlertOracle,,alert
service_port_conflict_social_network,fdd9f866a65fc016bce6837a867d8e4c343a1046,2280,resolution_oracle,,MitigationOracle,,
service_wrong_pod_selection_hotel_reservation,f432ae01af876059e0c45bdc8bbddf6ddb69f892,2309,mitigation_oracle,WrongPodSelectionMitigationOracle,,,
sidecar_port_conflict_astronomy_shop,b71fb3190373c7a979c145a460e494d0fc844485,734,mitigation_oracle,MitigationOracle WorkloadOracle,,workload,
sidecar_port_conflict_astronomy_shop,e0a2ecc809911258ffe00200929fdebf6cb19583,1092,mitigation_oracle,,WorkloadOracle,,workload
sidecar_port_conflict_astronomy_shop,ab3bbe108a10c3bb136e1bc0f5bf45e6e9e06365,2245,mitigation_oracle,AlertOracle,MitigationOracle,alert,
sidecar_port_conflict_astronomy_shop,ab3bbe108a10c3bb136e1bc0f5bf45e6e9e06365,2245,resolution_oracle,MitigationOracle,,,
sidecar_port_conflict_astronomy_shop,fdd9f866a65fc016bce6837a867d8e4c343a1046,2280,mitigation_oracle,MitigationOracle,AlertOracle,,alert
sidecar_port_conflict_astronomy_shop,fdd9f866a65fc016bce6837a867d8e4c343a1046,2280,resolution_oracle,,MitigationOracle,,
sidecar_port_conflict_hotel_reservation,b71fb3190373c7a979c145a460e494d0fc844485,734,mitigation_oracle,MitigationOracle WorkloadOracle,,workload,
sidecar_port_conflict_hotel_reservation,e0a2ecc809911258ffe00200929fdebf6cb19583,1092,mitigation_oracle,,WorkloadOracle,,workload
sidecar_port_conflict_hotel_reservation,ab3bbe108a10c3bb136e1bc0f5bf45e6e9e06365,2245,mitigation_oracle,AlertOracle,MitigationOracle,alert,
sidecar_port_conflict_hotel_reservation,ab3bbe108a10c3bb136e1bc0f5bf45e6e9e06365,2245,resolution_oracle,MitigationOracle,,,
sidecar_port_conflict_hotel_reservation,fdd9f866a65fc016bce6837a867d8e4c343a1046,2280,mitigation_oracle,MitigationOracle,AlertOracle,,alert
sidecar_port_conflict_hotel_reservation,fdd9f866a65fc016bce6837a867d8e4c343a1046,2280,resolution_oracle,,MitigationOracle,,
sidecar_port_conflict_social_network,b71fb3190373c7a979c145a460e494d0fc844485,734,mitigation_oracle,MitigationOracle WorkloadOracle,,workload,
sidecar_port_conflict_social_network,e0a2ecc809911258ffe00200929fdebf6cb19583,1092,mitigation_oracle,,WorkloadOracle,,workload
sidecar_port_conflict_social_network,ab3bbe108a10c3bb136e1bc0f5bf45e6e9e06365,2245,mitigation_oracle,AlertOracle,MitigationOracle,alert,
sidecar_port_conflict_social_network,ab3bbe108a10c3bb136e1bc0f5bf45e6e9e06365,2245,resolution_oracle,MitigationOracle,,,
sidecar_port_conflict_social_network,fdd9f866a65fc016bce6837a867d8e4c343a1046,2280,mitigation_oracle,MitigationOracle,AlertOracle,,alert
sidecar_port_conflict_social_network,fdd9f866a65fc016bce6837a867d8e4c343a1046,2280,resolution_oracle,,MitigationOracle,,
stale_coredns_config_astronomy_shop,9c65926759074e4cea98e4447b563d11631858ea,730,mitigation_oracle,DNSResolutionMitigationOracle WorkloadOracle,,workload,
stale_coredns_config_astronomy_shop,e0a2ecc809911258ffe00200929fdebf6cb19583,1092,mitigation_oracle,,WorkloadOracle,,workload
stale_coredns_config_astronomy_shop,ab3bbe108a10c3bb136e1bc0f5bf45e6e9e06365,2245,mitigation_oracle,AlertOracle,DNSResolutionMitigationOracle,alert,
stale_coredns_config_astronomy_shop,ab3bbe108a10c3bb136e1bc0f5bf45e6e9e06365,2245,resolution_oracle,DNSResolutionMitigationOracle,,,
stale_coredns_config_astronomy_shop,fdd9f866a65fc016bce6837a867d8e4c343a1046,2280,mitigation_oracle,DNSResolutionMitigationOracle,AlertOracle,,alert
stale_coredns_config_astronomy_shop,fdd9f866a65fc016bce6837a867d8e4c343a1046,2280,resolution_oracle,,DNSResolutionMitigationOracle,,
stale_coredns_config_social_network,9c65926759074e4cea98e4447b563d11631858ea,730,mitigation_oracle,DNSResolutionMitigationOracle WorkloadOracle,,workload,
stale_coredns_config_social_network,e0a2ecc809911258ffe00200929fdebf6cb19583,1092,mitigation_oracle,,WorkloadOracle,,workload
stale_coredns_config_social_network,ab3bbe108a10c3bb136e1bc0f5bf45e6e9e06365,2245,mitigation_oracle,AlertOracle,DNSResolutionMitigationOracle,alert,
stale_coredns_config_social_network,ab3bbe108a10c3bb136e1bc0f5bf45e6e9e06365,2245,resolution_oracle,DNSResolutionMitigationOracle,,,
stale_coredns_config_social_network,fdd9f866a65fc016bce6837a867d8e4c343a1046,2280,mitigation_oracle,DNSResolutionMitigationOracle,AlertOracle,,alert
stale_coredns_config_social_network,fdd9f866a65fc016bce6837a867d8e4c343a1046,2280,resolution_oracle,,DNSResolutionMitigationOracle,,
storage_user_unregistered-1,3f6e51f062ab48b645716c5334f1b7e460649289,418,mitigation_oracle,MitigationOracle,,,
storage_user_unregistered-1,0f1b3af802fc414788df0fd32389590b0be0a896,585,mitigation_oracle,WorkloadOracle,,workload,
storage_user_unregistered-1,e0a2ecc809911258ffe00200929fdebf6cb19583,1092,mitigation_oracle,,WorkloadOracle,,workload
storage_user_unregistered-1,ab3bbe108a10c3bb136e1bc0f5bf45e6e9e06365,2245,mitigation_oracle,AlertOracle,MitigationOracle,alert,
storage_user_unregistered-1,ab3bbe108a10c3bb136e1bc0f5bf45e6e9e06365,2245,resolution_oracle,MitigationOracle,,,
storage_user_unregistered-1,fdd9f866a65fc016bce6837a867d8e4c343a1046,2280,mitigation_oracle,MitigationOracle,AlertOracle,,alert
storage_user_unregistered-1,fdd9f866a65fc016bce6837a867d8e4c343a1046,2280,resolution_oracle,,MitigationOracle,,
storage_user_unregistered-2,3f6e51f062ab48b645716c5334f1b7e460649289,418,mitigation_oracle,MitigationOracle,,,
storage_user_unregistered-2,0f1b3af802fc414788df0fd32389590b0be0a896,585,mitigation_oracle,WorkloadOracle,,workload,
storage_user_unregistered-2,e0a2ecc809911258ffe00200929fdebf6cb19583,1092,mitigation_oracle,,WorkloadOracle,,workload
storage_user_unregistered-2,ab3bbe108a10c3bb136e1bc0f5bf45e6e9e06365,2245,mitigation_oracle,AlertOracle,MitigationOracle,alert,
storage_user_unregistered-2,ab3bbe108a10c3bb136e1bc0f5bf45e6e9e06365,2245,resolution_oracle,MitigationOracle,,,
storage_user_unregistered-2,fdd9f866a65fc016bce6837a867d8e4c343a1046,2280,mitigation_oracle,MitigationOracle,AlertOracle,,alert
storage_user_unregistered-2,fdd9f866a65fc016bce6837a867d8e4c343a1046,2280,resolution_oracle,,MitigationOracle,,
taint_no_toleration_social_network,f8126d5be9ca94fe05831f04790c61678ff9a4e9,743,mitigation_oracle,PodScheduledMitigationOracle WorkloadOracle,,workload,
taint_no_toleration_social_network,925f9de48479542c30f478254f9a1626f9b215d2,830,mitigation_oracle,MitigationOracle,PodScheduledMitigationOracle,,
taint_no_toleration_social_network,e0a2ecc809911258ffe00200929fdebf6cb19583,1092,mitigation_oracle,,WorkloadOracle,,workload
taint_no_toleration_social_network,ab3bbe108a10c3bb136e1bc0f5bf45e6e9e06365,2245,mitigation_oracle,AlertOracle,MitigationOracle,alert,
taint_no_toleration_social_network,ab3bbe108a10c3bb136e1bc0f5bf45e6e9e06365,2245,resolution_oracle,MitigationOracle,,,
taint_no_toleration_social_network,fdd9f866a65fc016bce6837a867d8e4c343a1046,2280,mitigation_oracle,MitigationOracle,AlertOracle,,alert
taint_no_toleration_social_network,fdd9f866a65fc016bce6837a867d8e4c343a1046,2280,resolution_oracle,,MitigationOracle,,
trainticket_f17_nested_sql_select_clause_error,15bbcdb299bc620d121651063d5fc57c630f8e77,1176,mitigation_oracle,WorkloadOracle,,workload,
trainticket_f17_nested_sql_select_clause_error,ab3bbe108a10c3bb136e1bc0f5bf45e6e9e06365,2245,mitigation_oracle,AlertOracle,WorkloadOracle,alert,workload
trainticket_f17_nested_sql_select_clause_error,ab3bbe108a10c3bb136e1bc0f5bf45e6e9e06365,2245,resolution_oracle,WorkloadOracle,,workload,
trainticket_f17_nested_sql_select_clause_error,fdd9f866a65fc016bce6837a867d8e4c343a1046,2280,mitigation_oracle,WorkloadOracle,AlertOracle,workload,alert
trainticket_f17_nested_sql_select_clause_error,fdd9f866a65fc016bce6837a867d8e4c343a1046,2280,resolution_oracle,,WorkloadOracle,,workload
trainticket_f22_sql_column_name_mismatch_error,1274ad92018bb4b2e7756cc04f3fa0ff28d42ccf,1397,mitigation_oracle,WorkloadOracle,,workload,
trainticket_f22_sql_column_name_mismatch_error,be423d93a8da5c7973a41a646beb5f71f53faf46,2171,mitigation_oracle,,WorkloadOracle,,workload
trainticket_f22_sql_column_name_mismatch_error,ab3bbe108a10c3bb136e1bc0f5bf45e6e9e06365,2245,mitigation_oracle,AlertOracle,,alert,
trainticket_f22_sql_column_name_mismatch_error,9e3c02f6c6ead5360f183ec31090d390caf465c7,2472,mitigation_oracle,TrainTicketMitigationOracle WorkloadOracle,AlertOracle,workload,alert
unschedulable_incorrect_port_assignment,6fcf964dfa51dd34b990afbdf7013ed59ab694a8,992,mitigation_oracle,IncorrectPortAssignmentMitigationOracle,,,
unschedulable_incorrect_port_assignment,ab3bbe108a10c3bb136e1bc0f5bf45e6e9e06365,2245,mitigation_oracle,AlertOracle,IncorrectPortAssignmentMitigationOracle,alert,
unschedulable_incorrect_port_assignment,ab3bbe108a10c3bb136e1bc0f5bf45e6e9e06365,2245,resolution_oracle,IncorrectPortAssignmentMitigationOracle,,,
unschedulable_incorrect_port_assignment,fdd9f866a65fc016bce6837a867d8e4c343a1046,2280,mitigation_oracle,IncorrectPortAssignmentMitigationOracle,AlertOracle,,alert
unschedulable_incorrect_port_assignment,fdd9f866a65fc016bce6837a867d8e4c343a1046,2280,resolution_oracle,,IncorrectPortAssignmentMitigationOracle,,
update_incompatible_correlated,13c189cc4babe09fb9089f6f4d91891864085b77,1477,mitigation_oracle,IncorrectImageMitigationOracle,,,
update_incompatible_correlated,ab3bbe108a10c3bb136e1bc0f5bf45e6e9e06365,2245,mitigation_oracle,AlertOracle,IncorrectImageMitigationOracle,alert,
update_incompatible_correlated,ab3bbe108a10c3bb136e1bc0f5bf45e6e9e06365,2245,resolution_oracle,IncorrectImageMitigationOracle,,,
update_incompatible_correlated,fdd9f866a65fc016bce6837a867d8e4c343a1046,2280,mitigation_oracle,IncorrectImageMitigationOracle,AlertOracle,,alert
update_incompatible_correlated,fdd9f866a65fc016bce6837a867d8e4c343a1046,2280,resolution_oracle,,IncorrectImageMitigationOracle,,
valkey_auth_disruption,dbf2257bd0412186ffcc19288b17364acc10e2e1,966,mitigation_oracle,MitigationOracle,,,
valkey_auth_disruption,84f0b8a1ceada05c5a0e219bee73d10c0e61d630,968,mitigation_oracle,,MitigationOracle,,
valkey_auth_disruption,ab3bbe108a10c3bb136e1bc0f5bf45e6e9e06365,2245,mitigation_oracle,AlertOracle,,alert,
valkey_auth_disruption,fdd9f866a65fc016bce6837a867d8e4c343a1046,2280,mitigation_oracle,,AlertOracle,,alert
valkey_memory_disruption,ab3bbe108a10c3bb136e1bc0f5bf45e6e9e06365,2245,mitigation_oracle,AlertOracle,,alert,
workload_imbalance,2e15b47032ffaeec3b228fa5b21ebfd08a5e7798,1493,mitigation_oracle,ImbalanceMitigationOracle,,,
workload_imbalance,ab3bbe108a10c3bb136e1bc0f5bf45e6e9e06365,2245,mitigation_oracle,AlertOracle,ImbalanceMitigationOracle,alert,
workload_imbalance,ab3bbe108a10c3bb136e1bc0f5bf45e6e9e06365,2245,resolution_oracle,ImbalanceMitigationOracle,,,
workload_imbalance,fdd9f866a65fc016bce6837a867d8e4c343a1046,2280,mitigation_oracle,ImbalanceMitigationOracle,AlertOracle,,alert
workload_imbalance,fdd9f866a65fc016bce6837a867d8e4c343a1046,2280,resolution_oracle,,ImbalanceMitigationOracle,,
wrong_bin_usage,00fd3194b4c261169a50cabb9d1b62a4a19de012,433,mitigation_oracle,MitigationOracle,,,
wrong_bin_usage,1cdb75fb9f94574f64b87acd12b8b55fbaff198b,535,mitigation_oracle,WrongBinMitigationOracle,MitigationOracle,,
wrong_bin_usage,0f1b3af802fc414788df0fd32389590b0be0a896,585,mitigation_oracle,WorkloadOracle,,workload,
wrong_bin_usage,e0a2ecc809911258ffe00200929fdebf6cb19583,1092,mitigation_oracle,,WorkloadOracle,,workload
wrong_bin_usage,ab3bbe108a10c3bb136e1bc0f5bf45e6e9e06365,2245,mitigation_oracle,AlertOracle,WrongBinMitigationOracle,alert,
wrong_bin_usage,ab3bbe108a10c3bb136e1bc0f5bf45e6e9e06365,2245,resolution_oracle,WrongBinMitigationOracle,,,
wrong_bin_usage,fdd9f866a65fc016bce6837a867d8e4c343a1046,2280,mitigation_oracle,WrongBinMitigationOracle,AlertOracle,,alert
wrong_bin_usage,fdd9f866a65fc016bce6837a867d8e4c343a1046,2280,resolution_oracle,,WrongBinMitigationOracle,,
wrong_dns_policy_astronomy_shop,9ebb7e4cfa27b9e4f569ab5521ef60247a3f69b4,709,mitigation_oracle,DNSResolutionMitigationOracle WorkloadOracle,,workload,
wrong_dns_policy_astronomy_shop,e0a2ecc809911258ffe00200929fdebf6cb19583,1092,mitigation_oracle,,WorkloadOracle,,workload
wrong_dns_policy_astronomy_shop,ab3bbe108a10c3bb136e1bc0f5bf45e6e9e06365,2245,mitigation_oracle,AlertOracle,DNSResolutionMitigationOracle,alert,
wrong_dns_policy_astronomy_shop,ab3bbe108a10c3bb136e1bc0f5bf45e6e9e06365,2245,resolution_oracle,DNSResolutionMitigationOracle,,,
wrong_dns_policy_astronomy_shop,fdd9f866a65fc016bce6837a867d8e4c343a1046,2280,mitigation_oracle,DNSResolutionMitigationOracle,AlertOracle,,alert
wrong_dns_policy_astronomy_shop,fdd9f866a65fc016bce6837a867d8e4c343a1046,2280,resolution_oracle,,DNSResolutionMitigationOracle,,
wrong_dns_policy_hotel_reservation,9ebb7e4cfa27b9e4f569ab5521ef60247a3f69b4,709,mitigation_oracle,DNSResolutionMitigationOracle WorkloadOracle,,workload,
wrong_dns_policy_hotel_reservation,e0a2ecc809911258ffe00200929fdebf6cb19583,1092,mitigation_oracle,,WorkloadOracle,,workload
wrong_dns_policy_hotel_reservation,ab3bbe108a10c3bb136e1bc0f5bf45e6e9e06365,2245,mitigation_oracle,AlertOracle,DNSResolutionMitigationOracle,alert,
wrong_dns_policy_hotel_reservation,ab3bbe108a10c3bb136e1bc0f5bf45e6e9e06365,2245,resolution_oracle,DNSResolutionMitigationOracle,,,
wrong_dns_policy_hotel_reservation,fdd9f866a65fc016bce6837a867d8e4c343a1046,2280,mitigation_oracle,DNSResolutionMitigationOracle,AlertOracle,,alert
wrong_dns_policy_hotel_reservation,fdd9f866a65fc016bce6837a867d8e4c343a1046,2280,resolution_oracle,,DNSResolutionMitigationOracle,,
wrong_dns_policy_social_network,9ebb7e4cfa27b9e4f569ab5521ef60247a3f69b4,709,mitigation_oracle,DNSResolutionMitigationOracle WorkloadOracle,,workload,
wrong_dns_policy_social_network,e0a2ecc809911258ffe00200929fdebf6cb19583,1092,mitigation_oracle,,WorkloadOracle,,workload
wrong_dns_policy_social_network,ab3bbe108a10c3bb136e1bc0f5bf45e6e9e06365,2245,mitigation_oracle,AlertOracle,DNSResolutionMitigationOracle,alert,
wrong_dns_policy_social_network,ab3bbe108a10c3bb136e1bc0f5bf45e6e9e06365,2245,resolution_oracle,DNSResolutionMitigationOracle,,,
wrong_dns_policy_social_network,fdd9f866a65fc016bce6837a867d8e4c343a1046,2280,mitigation_oracle,DNSResolutionMitigationOracle,AlertOracle,,alert
wrong_dns_policy_social_network,fdd9f866a65fc016bce6837a867d8e4c343a1046,2280,resolution_oracle,,DNSResolutionMitigationOracle,,
wrong_service_selector_astronomy_shop,211aee908b1b486498a9c5af0b64a4e41e6f06ec,675,mitigation_oracle,MitigationOracle WorkloadOracle,,workload,
wrong_service_selector_astronomy_shop,3ea1fe12490ccd3a85c5dd2548cf3e92382b449b,676,mitigation_oracle,ServiceEndpointMitigationOracle,MitigationOracle,connectivity,
wrong_service_selector_astronomy_shop,e0a2ecc809911258ffe00200929fdebf6cb19583,1092,mitigation_oracle,,WorkloadOracle,,workload
wrong_service_selector_astronomy_shop,ab3bbe108a10c3bb136e1bc0f5bf45e6e9e06365,2245,mitigation_oracle,AlertOracle,ServiceEndpointMitigationOracle,alert,connectivity
wrong_service_selector_astronomy_shop,ab3bbe108a10c3bb136e1bc0f5bf45e6e9e06365,2245,resolution_oracle,ServiceEndpointMitigationOracle,,connectivity,
wrong_service_selector_astronomy_shop,fdd9f866a65fc016bce6837a867d8e4c343a1046,2280,mitigation_oracle,ServiceEndpointMitigationOracle,AlertOracle,connectivity,alert
wrong_service_selector_astronomy_shop,fdd9f866a65fc016bce6837a867d8e4c343a1046,2280,resolution_oracle,,ServiceEndpointMitigationOracle,,connectivity
wrong_service_selector_hotel_reservation,211aee908b1b486498a9c5af0b64a4e41e6f06ec,675,mitigation_oracle,MitigationOracle WorkloadOracle,,workload,
wrong_service_selector_hotel_reservation,3ea1fe12490ccd3a85c5dd2548cf3e92382b449b,676,mitigation_oracle,ServiceEndpointMitigationOracle,MitigationOracle,connectivity,
wrong_service_selector_hotel_reservation,e0a2ecc809911258ffe00200929fdebf6cb19583,1092,mitigation_oracle,,WorkloadOracle,,workload
wrong_service_selector_hotel_reservation,ab3bbe108a10c3bb136e1bc0f5bf45e6e9e06365,2245,mitigation_oracle,AlertOracle,ServiceEndpointMitigationOracle,alert,connectivity
wrong_service_selector_hotel_reservation,ab3bbe108a10c3bb136e1bc0f5bf45e6e9e06365,2245,resolution_oracle,ServiceEndpointMitigationOracle,,connectivity,
wrong_service_selector_hotel_reservation,fdd9f866a65fc016bce6837a867d8e4c343a1046,2280,mitigation_oracle,ServiceEndpointMitigationOracle,AlertOracle,connectivity,alert
wrong_service_selector_hotel_reservation,fdd9f866a65fc016bce6837a867d8e4c343a1046,2280,resolution_oracle,,ServiceEndpointMitigationOracle,,connectivity
wrong_service_selector_social_network,211aee908b1b486498a9c5af0b64a4e41e6f06ec,675,mitigation_oracle,MitigationOracle WorkloadOracle,,workload,
wrong_service_selector_social_network,3ea1fe12490ccd3a85c5dd2548cf3e92382b449b,676,mitigation_oracle,ServiceEndpointMitigationOracle,MitigationOracle,connectivity,
wrong_service_selector_social_network,e0a2ecc809911258ffe00200929fdebf6cb19583,1092,mitigation_oracle,,WorkloadOracle,,workload
wrong_service_selector_social_network,ab3bbe108a10c3bb136e1bc0f5bf45e6e9e06365,2245,mitigation_oracle,AlertOracle,ServiceEndpointMitigationOracle,alert,connectivity
wrong_service_selector_social_network,ab3bbe108a10c3bb136e1bc0f5bf45e6e9e06365,2245,resolution_oracle,ServiceEndpointMitigationOracle,,connectivity,
wrong_service_selector_social_network,fdd9f866a65fc016bce6837a867d8e4c343a1046,2280,mitigation_oracle,ServiceEndpointMitigationOracle,AlertOracle,connectivity,alert
wrong_service_selector_social_network,fdd9f866a65fc016bce6837a867d8e4c343a1046,2280,resolution_oracle,,ServiceEndpointMitigationOracle,,connectivity
