problem_id,perturbed_kinds_fulltext,perturbed_kinds_code_only,kinds_only_in_fulltext,kinds_only_in_code,injector_cites,class_cite,published_verdict,oracle_kind
admission_webhook_outage_hotel_reservation,Pod;Webhook;container_cmd_env,Deployment;Pod;Webhook,container_cmd_env,Deployment,,sregym/conductor/problems/admission_webhook_outage.py:43,ADEQUATE,DEDICATED
admission_webhook_tls_mismatch_hotel_reservation,Pod;ConfigMap;Secret;Webhook;container_cmd_env,Pod;Webhook,ConfigMap;Secret;container_cmd_env,,,sregym/conductor/problems/admission_webhook_tls_mismatch.py:41,ADEQUATE,DEDICATED
assign_to_non_existent_node,Deployment;Node,Deployment,Node,,inject_assign_to_non_existent_node@sregym/generators/fault/inject_virtual.py:135,sregym/conductor/problems/assign_non_existent_node.py:14,BLIND,DEDICATED
astronomy_shop_ad_service_failure,ConfigMap,,ConfigMap,,,sregym/conductor/problems/ad_service_failure.py:12,ADEQUATE,DEDICATED
astronomy_shop_ad_service_high_cpu,Deployment,,Deployment,,,sregym/conductor/problems/ad_service_high_cpu.py:12,ADEQUATE,DEDICATED
astronomy_shop_ad_service_image_slow_load,ConfigMap;container_cmd_env,,ConfigMap;container_cmd_env,,,sregym/conductor/problems/image_slow_load.py:12,ADEQUATE,DEDICATED
astronomy_shop_ad_service_manual_gc,ConfigMap,,ConfigMap,,,sregym/conductor/problems/ad_service_manual_gc.py:12,ADEQUATE,DEDICATED
astronomy_shop_cart_service_failure,ConfigMap,,ConfigMap,,,sregym/conductor/problems/cart_service_failure.py:12,ADEQUATE,DEDICATED
astronomy_shop_failed_readiness_probe,Deployment;ConfigMap,,ConfigMap;Deployment,,,sregym/conductor/problems/failed_readiness_probe.py:12,ADEQUATE,DEDICATED
astronomy_shop_payment_service_failure,ConfigMap,,ConfigMap,,,sregym/conductor/problems/payment_service_failure.py:12,ADEQUATE,DEDICATED
astronomy_shop_payment_service_unreachable,ConfigMap,,ConfigMap,,,sregym/conductor/problems/payment_service_unreachable.py:12,ADEQUATE,DEDICATED
astronomy_shop_product_catalog_service_failure,ConfigMap,,ConfigMap,,,sregym/conductor/problems/product_catalog_failure.py:12,ADEQUATE,DEDICATED
auth_miss_mongodb,Deployment;container_cmd_env,,Deployment;container_cmd_env,,inject_auth_miss_mongodb@sregym/generators/fault/inject_virtual.py:62,sregym/conductor/problems/auth_miss_mongodb.py:12,ADEQUATE,BARE_GENERIC
calico_route_reflector_label_drift_hotel_reservation,Deployment;ConfigMap;Node;container_cmd_env,ConfigMap;Deployment,Node;container_cmd_env,,,sregym/conductor/problems/calico_route_reflector_label_drift.py:31,ADEQUATE,DEDICATED
capacity_decrease_rpc_retry_storm,Deployment;ConfigMap;ResourceQuota,Deployment;ResourceQuota,ConfigMap,,,sregym/conductor/problems/capacity_decrease_rpc_retry_storm.py:13,ADEQUATE,DEDICATED
cfs_cpu_throttling_hotel_reservation,UNCERTAIN,,,,,sregym/conductor/problems/cpu_throttling.py:10,UNCERTAIN,MITIGATIONORACLE_SUBCLASS
configmap_drift_hotel_reservation,ConfigMap,ConfigMap,,,,sregym/conductor/problems/configmap_drift.py:12,UNCERTAIN,DEDICATED
cronjob_sidecar_blocks_completion_hotel_reservation,Job/CronJob;container_cmd_env,Job/CronJob,container_cmd_env,,,sregym/conductor/problems/cronjob_sidecar_blocks_completion.py:95,ADEQUATE,DEDICATED
cumulative_admission_webhook_timeout_hotel_reservation,Service;Pod;ConfigMap;Secret;NetworkPolicy;Node;Ingress;Webhook;container_cmd_env,ConfigMap;Deployment;Ingress;NetworkPolicy;Pod;Secret;Service;Webhook,Node;container_cmd_env,Deployment,,sregym/conductor/problems/cumulative_admission_webhook_timeout_hotel_reservation.py:68,ADEQUATE,DEDICATED
dev_shm_exhaustion_hotel_reservation,Deployment;RBAC;container_cmd_env,Deployment;Pod,RBAC;container_cmd_env,Pod,,sregym/conductor/problems/dev_shm_exhaustion_hotel_reservation.py:23,ADEQUATE,DEDICATED
duplicate_pvc_mounts_astronomy_shop,Deployment;PVC/PV,Deployment;PVC/PV,,,inject_duplicate_pvc_mounts@sregym/generators/fault/inject_virtual.py:1691,sregym/conductor/problems/duplicate_pvc_mounts.py:12,ADEQUATE,DEDICATED
duplicate_pvc_mounts_hotel_reservation,Deployment;PVC/PV,Deployment;PVC/PV,,,inject_duplicate_pvc_mounts@sregym/generators/fault/inject_virtual.py:1691,sregym/conductor/problems/duplicate_pvc_mounts.py:12,ADEQUATE,DEDICATED
duplicate_pvc_mounts_social_network,Deployment;PVC/PV,Deployment;PVC/PV,,,inject_duplicate_pvc_mounts@sregym/generators/fault/inject_virtual.py:1691,sregym/conductor/problems/duplicate_pvc_mounts.py:12,ADEQUATE,DEDICATED
edge_request_filter_cpu_saturation,Deployment,Deployment,,,,sregym/conductor/problems/edge_request_filter_cpu_saturation.py:13,ADEQUATE,DEDICATED
env_variable_shadowing_astronomy_shop,Deployment;container_cmd_env,Deployment,container_cmd_env,,,sregym/conductor/problems/env_variable_shadowing.py:11,ADEQUATE,DEDICATED
ephemeral_port_range_hotel_reservation,UNCERTAIN,,,,,sregym/conductor/problems/ephemeral_port_range_hotel_reservation.py:15,UNCERTAIN,DEDICATED
expired_tls_hotel_reservation,Secret;Ingress,Ingress;Secret,,,,sregym/conductor/problems/expired_tls_hotel_reservation.py:18,UNCERTAIN,DEDICATED
faulty_image_correlated,container_cmd_env,,container_cmd_env,,,sregym/conductor/problems/faulty_image_correlated.py:10,ADEQUATE,DEDICATED
feature_flag_latent_bug_hotel_reservation,ConfigMap;container_cmd_env,ConfigMap;Deployment,container_cmd_env,Deployment,,sregym/conductor/problems/feature_flag_latent_bug_hotel_reservation.py:24,ADEQUATE,COMPOUND
file_descriptor_exhaustion,UNCERTAIN,Pod,,Pod,,sregym/conductor/problems/file_descriptor_exhaustion.py:20,UNCERTAIN,MITIGATIONORACLE_SUBCLASS
finalizer_deadlock_controller_hotel_reservation,Service;Deployment;ConfigMap;RBAC;container_cmd_env,ConfigMap;Deployment;Pod;RBAC;Service,container_cmd_env,Pod,,sregym/conductor/problems/finalizer_deadlock_controller.py:49,ADEQUATE,DEDICATED
gc_capacity_degradation,ResourceQuota,ResourceQuota;container_cmd_env,,container_cmd_env,,sregym/conductor/problems/gc_capacity_degradation.py:13,ADEQUATE,DEDICATED
hpa_missing_effective_cpu_request_hotel_reservation,Deployment;ResourceQuota,Deployment;ResourceQuota,,,,sregym/conductor/problems/hpa_missing_effective_cpu_request.py:23,ADEQUATE,DEDICATED
incorrect_image,container_cmd_env,,container_cmd_env,,,sregym/conductor/problems/incorrect_image.py:10,ADEQUATE,DEDICATED
incorrect_port_assignment,Deployment;Node,Deployment;container_cmd_env,Node,container_cmd_env,inject_assign_to_non_existent_node@sregym/generators/fault/inject_virtual.py:135,sregym/conductor/problems/incorrect_port_assignment.py:13,ADEQUATE,DEDICATED
ingress_misroute,Service;Ingress,Ingress;Service,,,,sregym/conductor/problems/ingress_misroute.py:12,UNCERTAIN,DEDICATED
init_container_dependency_hang_astronomy_shop,UNCERTAIN,,,,,sregym/conductor/problems/init_container_dependency_hang.py:41,UNCERTAIN,BARE_GENERIC
init_container_dependency_hang_hotel_reservation,UNCERTAIN,,,,,sregym/conductor/problems/init_container_dependency_hang.py:41,UNCERTAIN,BARE_GENERIC
init_container_dependency_hang_social_network,UNCERTAIN,,,,,sregym/conductor/problems/init_container_dependency_hang.py:41,UNCERTAIN,BARE_GENERIC
internal_traffic_policy_local_astronomy_shop,Deployment;Node,Deployment;Node;Pod;Service,,Pod;Service,,sregym/conductor/problems/internal_traffic_policy_local.py:70,ADEQUATE,DEDICATED
k8s_target_port-misconfig,Service,Service;container_cmd_env,,container_cmd_env,inject_misconfig_k8s@sregym/generators/fault/inject_virtual.py:38,sregym/conductor/problems/target_port.py:12,ADEQUATE,DEDICATED
kafka_poison_pill_hol_block,UNCERTAIN,,,,,sregym/conductor/problems/kafka_poison_pill_hol_block.py:12,UNCERTAIN,DEDICATED
kafka_producer_leak,UNCERTAIN,,,,,sregym/conductor/problems/kafka_producer_leak.py:10,UNCERTAIN,MITIGATIONORACLE_SUBCLASS
kafka_queue_problems,ConfigMap,,ConfigMap,,,sregym/conductor/problems/kafka_queue_problems.py:12,ADEQUATE,DEDICATED
kubelet_crash,UNCERTAIN,Deployment,,Deployment,,sregym/conductor/problems/kubelet_crash.py:10,UNCERTAIN,DEDICATED
kubelet_eviction_threshold_misconfig,Deployment;Node,,Deployment;Node,,,sregym/conductor/problems/kubelet_eviction_threshold_misconfig.py:12,ADEQUATE,MITIGATIONORACLE_SUBCLASS
latent_sector_error,UNCERTAIN,,,,,sregym/conductor/problems/khaos_faults.py:202,UNCERTAIN,DEDICATED
liveness_probe_misconfiguration_astronomy_shop,Deployment,Deployment,,,inject_liveness_probe_misconfiguration@sregym/generators/fault/inject_virtual.py:1581,sregym/conductor/problems/liveness_probe_misconfiguration.py:12,ADEQUATE,BARE_GENERIC
liveness_probe_misconfiguration_hotel_reservation,Deployment,Deployment,,,inject_liveness_probe_misconfiguration@sregym/generators/fault/inject_virtual.py:1581,sregym/conductor/problems/liveness_probe_misconfiguration.py:12,ADEQUATE,BARE_GENERIC
liveness_probe_misconfiguration_social_network,Deployment,Deployment,,,inject_liveness_probe_misconfiguration@sregym/generators/fault/inject_virtual.py:1581,sregym/conductor/problems/liveness_probe_misconfiguration.py:12,ADEQUATE,BARE_GENERIC
liveness_probe_too_aggressive_astronomy_shop,UNCERTAIN,,,,,sregym/conductor/problems/liveness_probe_too_aggressive.py:12,UNCERTAIN,DEDICATED
liveness_probe_too_aggressive_hotel_reservation,UNCERTAIN,,,,,sregym/conductor/problems/liveness_probe_too_aggressive.py:12,UNCERTAIN,DEDICATED
liveness_probe_too_aggressive_social_network,UNCERTAIN,,,,,sregym/conductor/problems/liveness_probe_too_aggressive.py:12,UNCERTAIN,DEDICATED
load_spike_rpc_retry_storm,Deployment;ConfigMap,ConfigMap;Deployment,,,,sregym/conductor/problems/load_spike_rpc_retry_storm.py:26,ADEQUATE,DEDICATED
loadgenerator_flood_homepage,ConfigMap,,ConfigMap,,,sregym/conductor/problems/loadgenerator_flood_homepage.py:12,ADEQUATE,DEDICATED
misconfig_app_hotel_res,container_cmd_env,Deployment,container_cmd_env,Deployment,inject_misconfig_app@sregym/generators/fault/inject_app.py:146,sregym/conductor/problems/misconfig_app.py:12,ADEQUATE,DEDICATED
missing_configmap_hotel_reservation,ConfigMap;Deployment,ConfigMap,Deployment,,inject_missing_configmap@sregym/generators/fault/inject_virtual.py:1387,sregym/conductor/problems/missing_configmap.py:11,ADEQUATE,BARE_GENERIC
missing_configmap_social_network,ConfigMap;Deployment,ConfigMap,Deployment,,inject_missing_configmap@sregym/generators/fault/inject_virtual.py:1387,sregym/conductor/problems/missing_configmap.py:11,ADEQUATE,BARE_GENERIC
missing_env_variable_astronomy_shop,UNCERTAIN,container_cmd_env,,container_cmd_env,,sregym/conductor/problems/missing_env_variable.py:10,UNCERTAIN,DEDICATED
missing_service_astronomy_shop,Pod;Service,Service,Pod,,inject_missing_service@sregym/generators/fault/inject_virtual.py:295,sregym/conductor/problems/missing_service.py:12,BLIND,BARE_GENERIC
missing_service_hotel_reservation,Pod;Service,Service,Pod,,inject_missing_service@sregym/generators/fault/inject_virtual.py:295,sregym/conductor/problems/missing_service.py:12,BLIND,BARE_GENERIC
missing_service_social_network,Pod;Service,Service,Pod,,inject_missing_service@sregym/generators/fault/inject_virtual.py:295,sregym/conductor/problems/missing_service.py:12,BLIND,BARE_GENERIC
mutating_webhook_resource_limits_social_network,Pod;ConfigMap;Secret;Webhook;container_cmd_env,Deployment;Pod;Webhook,ConfigMap;Secret;container_cmd_env,Deployment,,sregym/conductor/problems/mutating_webhook_resource_limits.py:58,ADEQUATE,DEDICATED
namespace_memory_limit,ResourceQuota,Deployment;Pod;ResourceQuota,,Deployment;Pod,,sregym/conductor/problems/namespace_memory_limit.py:11,ADEQUATE,DEDICATED
network_policy_block,NetworkPolicy;Ingress,NetworkPolicy,Ingress,,,sregym/conductor/problems/network_policy_block.py:12,ADEQUATE,DEDICATED
nightly_rebalance_oom_hotel_reservation,Service;ConfigMap;Job/CronJob;RBAC;container_cmd_env,ConfigMap;Deployment;Job/CronJob;Pod;RBAC;Service,container_cmd_env,Deployment;Pod,,sregym/conductor/problems/nightly_rebalance_oom.py:18,ADEQUATE,MITIGATIONORACLE_SUBCLASS
node_clock_drift_hotel_reservation,Pod;ConfigMap;Secret;Node;RBAC;container_cmd_env,ConfigMap;Deployment;Pod;Secret,Node;RBAC;container_cmd_env,Deployment,,sregym/conductor/problems/node_clock_drift.py:61,ADEQUATE,DEDICATED
node_conntrack_exhaustion_hotel_reservation,Service;Deployment;Node;RBAC;container_cmd_env;iptables/net,Deployment;Node;Pod;Service;iptables/net,RBAC;container_cmd_env,Pod,,sregym/conductor/problems/node_conntrack_exhaustion.py:20,ADEQUATE,MITIGATIONORACLE_SUBCLASS
operator_invalid_affinity_toleration,CRD/Operator,,CRD/Operator,,,sregym/conductor/problems/operator_misoperation/invalid_affinity_toleration.py:14,ADEQUATE,DEDICATED
operator_non_existent_storage,PVC/PV;CRD/Operator,,CRD/Operator;PVC/PV,,,sregym/conductor/problems/operator_misoperation/non_existent_storage.py:16,ADEQUATE,DEDICATED
operator_overload_replicas,CRD/Operator,,CRD/Operator,,,sregym/conductor/problems/operator_misoperation/overload_replicas.py:17,ADEQUATE,DEDICATED
operator_security_context_fault,CRD/Operator,,CRD/Operator,,,sregym/conductor/problems/operator_misoperation/security_context_fault.py:14,ADEQUATE,DEDICATED
operator_wrong_operator_image,container_cmd_env,,container_cmd_env,,,sregym/conductor/problems/operator_misoperation/wrong_operator_image.py:14,ADEQUATE,BARE_GENERIC
operator_wrong_update_strategy_fault,CRD/Operator,,CRD/Operator,,,sregym/conductor/problems/operator_misoperation/wrong_update_strategy.py:16,UNCERTAIN,DEDICATED
persistent_volume_affinity_violation,Deployment;Node;PVC/PV,Deployment;Node;PVC/PV;container_cmd_env,,container_cmd_env,inject_persistent_volume_affinity_violation@sregym/generators/fault/inject_virtual.py:2132,sregym/conductor/problems/persistent_volume_affinity_violation.py:10,ADEQUATE,BARE_GENERIC
pod_anti_affinity_deadlock,Deployment,Deployment,,,inject_pod_anti_affinity_deadlock@sregym/generators/fault/inject_virtual.py:2260,sregym/conductor/problems/pod_anti_affinity_deadlock.py:14,ADEQUATE,BARE_GENERIC
pod_cidr_exhaustion_hotel_reservation,Deployment;Pod;container_cmd_env,,Deployment;Pod;container_cmd_env,,,sregym/conductor/problems/pod_cidr_exhaustion_hotel_reservation.py:13,ADEQUATE,BARE_GENERIC
postgres_lock_contention_product_catalog,UNCERTAIN,,,,,sregym/conductor/problems/postgres_lock_contention_product_catalog.py:15,UNCERTAIN,DEDICATED
priority_preemption_cascade_hotel_reservation,Deployment;Node;container_cmd_env,Deployment;Pod,Node;container_cmd_env,Pod,,sregym/conductor/problems/priority_preemption_cascade.py:31,ADEQUATE,DEDICATED
psa_restricted_blocks_recreation_hotel_reservation,Pod;Webhook;container_cmd_env,Pod,Webhook;container_cmd_env,,,sregym/conductor/problems/psa_restricted_blocks_recreation.py:49,ADEQUATE,DEDICATED
pvc_claim_mismatch,PVC/PV,PVC/PV,,,,sregym/conductor/problems/pvc_claim_mismatch.py:13,BLIND,BARE_GENERIC
rbac_misconfiguration,ConfigMap;Deployment;RBAC;container_cmd_env,ConfigMap;Deployment,RBAC;container_cmd_env,,inject_rbac_misconfiguration@sregym/generators/fault/inject_virtual.py:2394,sregym/conductor/problems/rbac_misconfiguration.py:10,ADEQUATE,BARE_GENERIC
readiness_probe_misconfiguration_astronomy_shop,Deployment,Deployment,,,inject_readiness_probe_misconfiguration@sregym/generators/fault/inject_virtual.py:1530,sregym/conductor/problems/readiness_probe_misconfiguration.py:12,ADEQUATE,DEDICATED
readiness_probe_misconfiguration_hotel_reservation,Deployment,Deployment,,,inject_readiness_probe_misconfiguration@sregym/generators/fault/inject_virtual.py:1530,sregym/conductor/problems/readiness_probe_misconfiguration.py:12,ADEQUATE,DEDICATED
readiness_probe_misconfiguration_social_network,Deployment,Deployment,,,inject_readiness_probe_misconfiguration@sregym/generators/fault/inject_virtual.py:1530,sregym/conductor/problems/readiness_probe_misconfiguration.py:12,ADEQUATE,DEDICATED
resource_request_too_large,UNCERTAIN,,,,,sregym/conductor/problems/resource_request.py:62,UNCERTAIN,BARE_GENERIC
resource_request_too_small,UNCERTAIN,,,,,sregym/conductor/problems/resource_request.py:85,UNCERTAIN,BARE_GENERIC
revoke_auth_mongodb-1,in-container MongoDB auth state;Pod,Pod;Service,in-container MongoDB auth state,Service,inject_revoke_auth@sregym/generators/fault/inject_app.py:31,sregym/conductor/problems/revoke_auth.py:13,ADEQUATE,BARE_GENERIC
revoke_auth_mongodb-2,in-container MongoDB auth state;Pod,Pod;Service,in-container MongoDB auth state,Service,inject_revoke_auth@sregym/generators/fault/inject_app.py:31,sregym/conductor/problems/revoke_auth.py:13,ADEQUATE,BARE_GENERIC
rolling_update_misconfigured_hotel_reservation,Deployment;Node;container_cmd_env,,Deployment;Node;container_cmd_env,,inject_rolling_update_misconfigured@sregym/generators/fault/inject_virtual.py:1921,sregym/conductor/problems/rolling_update_misconfigured.py:11,ADEQUATE,DEDICATED
rolling_update_misconfigured_social_network,Deployment;Node;container_cmd_env,,Deployment;Node;container_cmd_env,,inject_rolling_update_misconfigured@sregym/generators/fault/inject_virtual.py:1921,sregym/conductor/problems/rolling_update_misconfigured.py:11,ADEQUATE,DEDICATED
scale_pod_zero_social_net,Deployment,,Deployment,,inject_scale_pods_to_zero@sregym/generators/fault/inject_virtual.py:123,sregym/conductor/problems/scale_pod.py:14,ADEQUATE,DEDICATED
search_rate_retry_collapse_hotel_reservation,container_cmd_env,Deployment,container_cmd_env,Deployment,,sregym/conductor/problems/search_rate_retry_collapse.py:18,ADEQUATE,DEDICATED
secret_rotation_stale_env_credentials_astronomy_shop,Deployment;ConfigMap;Secret,ConfigMap;Deployment;Pod;Secret,,Pod,,sregym/conductor/problems/secret_rotation_stale_env_credentials.py:19,ADEQUATE,DEDICATED
service_dns_resolution_failure_astronomy_shop,ConfigMap,,ConfigMap,,inject_service_dns_resolution_failure@sregym/generators/fault/inject_virtual.py:910,sregym/conductor/problems/service_dns_resolution_failure.py:12,ADEQUATE,DEDICATED
service_dns_resolution_failure_social_network,ConfigMap,,ConfigMap,,inject_service_dns_resolution_failure@sregym/generators/fault/inject_virtual.py:910,sregym/conductor/problems/service_dns_resolution_failure.py:12,ADEQUATE,DEDICATED
service_port_conflict_astronomy_shop,UNCERTAIN,,,,,sregym/conductor/problems/service_port_conflict.py:13,UNCERTAIN,BARE_GENERIC
service_port_conflict_hotel_reservation,UNCERTAIN,,,,,sregym/conductor/problems/service_port_conflict.py:13,UNCERTAIN,BARE_GENERIC
service_port_conflict_social_network,UNCERTAIN,,,,,sregym/conductor/problems/service_port_conflict.py:13,UNCERTAIN,BARE_GENERIC
service_wrong_pod_selection_hotel_reservation,UNCERTAIN,Deployment;Service,,Deployment;Service,inject_service_wrong_pod_selection@sregym/generators/fault/inject_virtual.py:835,sregym/conductor/problems/service_wrong_pod_selection_hotel_reservation.py:10,UNCERTAIN,DEDICATED
sidecar_port_conflict_astronomy_shop,Deployment;container_cmd_env,Deployment,container_cmd_env,,inject_sidecar_port_conflict@sregym/generators/fault/inject_virtual.py:1267,sregym/conductor/problems/sidecar_port_conflict.py:12,ADEQUATE,BARE_GENERIC
sidecar_port_conflict_hotel_reservation,Deployment;container_cmd_env,Deployment,container_cmd_env,,inject_sidecar_port_conflict@sregym/generators/fault/inject_virtual.py:1267,sregym/conductor/problems/sidecar_port_conflict.py:12,ADEQUATE,BARE_GENERIC
sidecar_port_conflict_social_network,Deployment;container_cmd_env,Deployment,container_cmd_env,,inject_sidecar_port_conflict@sregym/generators/fault/inject_virtual.py:1267,sregym/conductor/problems/sidecar_port_conflict.py:12,ADEQUATE,BARE_GENERIC
silent_data_corruption,PVC/PV,,PVC/PV,,,sregym/conductor/problems/silent_data_corruption.py:20,ADEQUATE,DEDICATED
stale_coredns_config_astronomy_shop,ConfigMap,,ConfigMap,,inject_stale_coredns_config@sregym/generators/fault/inject_virtual.py:1074,sregym/conductor/problems/stale_coredns_config.py:12,ADEQUATE,DEDICATED
stale_coredns_config_social_network,ConfigMap,,ConfigMap,,inject_stale_coredns_config@sregym/generators/fault/inject_virtual.py:1074,sregym/conductor/problems/stale_coredns_config.py:12,ADEQUATE,DEDICATED
storage_user_unregistered-1,in-container MongoDB auth state;Pod,Pod;Service,in-container MongoDB auth state,Service,inject_storage_user_unregistered@sregym/generators/fault/inject_app.py:85,sregym/conductor/problems/storage_user_unregistered.py:13,ADEQUATE,BARE_GENERIC
storage_user_unregistered-2,in-container MongoDB auth state;Pod,Pod;Service,in-container MongoDB auth state,Service,inject_storage_user_unregistered@sregym/generators/fault/inject_app.py:85,sregym/conductor/problems/storage_user_unregistered.py:13,ADEQUATE,BARE_GENERIC
taint_no_toleration_social_network,Deployment;Pod;Node,,Deployment;Node;Pod,,,sregym/conductor/problems/taint_no_toleration.py:10,ADEQUATE,BARE_GENERIC
trainticket_f17_nested_sql_select_clause_error,UNCERTAIN,,,,,sregym/conductor/problems/trainticket_f17.py:15,UNCERTAIN,COMPOUND
trainticket_f22_sql_column_name_mismatch_error,UNCERTAIN,,,,,sregym/conductor/problems/train_ticket_f22.py:14,UNCERTAIN,DEDICATED
unschedulable_incorrect_port_assignment,Deployment;Node,Deployment;container_cmd_env,Node,container_cmd_env,inject_assign_to_non_existent_node@sregym/generators/fault/inject_virtual.py:135,sregym/conductor/problems/incorrect_port_assignment.py:13,ADEQUATE,COMPOUND
update_incompatible_correlated,container_cmd_env,,container_cmd_env,,,sregym/conductor/problems/update_incompatible_correlated.py:10,ADEQUATE,DEDICATED
valkey_auth_disruption,UNCERTAIN,Pod;Service,,Pod;Service,inject_valkey_auth_disruption@sregym/generators/fault/inject_app.py:172,sregym/conductor/problems/valkey_auth_disruption.py:10,UNCERTAIN,DEDICATED
valkey_memory_disruption,UNCERTAIN,Job/CronJob,,Job/CronJob,inject_valkey_memory_disruption@sregym/generators/fault/inject_app.py:210,sregym/conductor/problems/valkey_memory_disruption.py:10,UNCERTAIN,DEDICATED
workload_imbalance,container_cmd_env,,container_cmd_env,,,sregym/conductor/problems/workload_imbalance.py:12,BLIND,DEDICATED
wrong_bin_usage,Deployment;container_cmd_env,Deployment,container_cmd_env,,inject_wrong_bin_usage@sregym/generators/fault/inject_virtual.py:253,sregym/conductor/problems/wrong_bin_usage.py:13,ADEQUATE,DEDICATED
wrong_dns_policy_astronomy_shop,Deployment,,Deployment,,inject_wrong_dns_policy@sregym/generators/fault/inject_virtual.py:1036,sregym/conductor/problems/wrong_dns_policy.py:12,ADEQUATE,DEDICATED
wrong_dns_policy_hotel_reservation,Deployment,,Deployment,,inject_wrong_dns_policy@sregym/generators/fault/inject_virtual.py:1036,sregym/conductor/problems/wrong_dns_policy.py:12,ADEQUATE,DEDICATED
wrong_dns_policy_social_network,Deployment,,Deployment,,inject_wrong_dns_policy@sregym/generators/fault/inject_virtual.py:1036,sregym/conductor/problems/wrong_dns_policy.py:12,ADEQUATE,DEDICATED
wrong_service_selector_astronomy_shop,UNCERTAIN,Service,,Service,inject_wrong_service_selector@sregym/generators/fault/inject_virtual.py:807,sregym/conductor/problems/wrong_service_selector.py:12,UNCERTAIN,DEDICATED
wrong_service_selector_hotel_reservation,UNCERTAIN,Service,,Service,inject_wrong_service_selector@sregym/generators/fault/inject_virtual.py:807,sregym/conductor/problems/wrong_service_selector.py:12,UNCERTAIN,DEDICATED
wrong_service_selector_social_network,UNCERTAIN,Service,,Service,inject_wrong_service_selector@sregym/generators/fault/inject_virtual.py:807,sregym/conductor/problems/wrong_service_selector.py:12,UNCERTAIN,DEDICATED
