problem_id,oracle_kind,oracle_class_or_children,oracle_surfaces,oracle_other_kinds,perturbed_kinds,restarts_pods,waits_stability,pods_and_deployments_only,has_functional_signal,verdict,justification,assignment_cite,injector_impl_cite,oracle_cites
admission_webhook_outage_hotel_reservation,DEDICATED,AdmissionWebhookOutageMitigationOracle,deployments;endpoints_or_endpointslices;pods,ReplicaSet ownership,Pod;Webhook;container_cmd_env,False,True,False,False,ADEQUATE,observes perturbed kind Pod via pods,sregym/conductor/problems/admission_webhook_outage.py:96,sregym/conductor/problems/admission_webhook_outage.py:217-251,"admission_webhook_outage_mitigation.py:46,:101,:127 deployments; :88 pods; :70 read_namespaced_endpoints; waits for a NEW ready endpoint (_wait_for_new_ready_en"
admission_webhook_tls_mismatch_hotel_reservation,DEDICATED,DeploymentReadinessOracle,deployments;pods,,Pod;ConfigMap;Secret;Webhook;container_cmd_env,False,False,True,False,ADEQUATE,observes perturbed kind Pod via pods,sregym/conductor/problems/admission_webhook_tls_mismatch.py:90,sregym/conductor/problems/admission_webhook_tls_mismatch.py:377-411,deployment_readiness.py:32 list_deployments (settle); :62 get_deployment; :68-73 ready==desired; :77 list_pods; :78-97 pod sweep
assign_to_non_existent_node,DEDICATED,AssignNonExistentNodeMitigationOracle,pods,,Deployment;Node,False,False,True,False,BLIND,observes {pods} but the fault mutates Deployment (would need deployments); Node (would need node),sregym/conductor/problems/assign_non_existent_node.py:33,inject_assign_to_non_existent_node@inject_virtual.py:135-153,assign_non_existent_node_mitigation.py:16 list_pods; :20 faulty pod existence; :26-44 phase/container sweep. No Deployment read
astronomy_shop_ad_service_failure,DEDICATED,AlertOracle,pod_exec;prometheus;tcp_or_http,Prometheus firing alerts,ConfigMap,False,False,False,True,ADEQUATE,"functional signal (pod_exec,prometheus,tcp_or_http) that the fault would break",sregym/conductor/problems/ad_service_failure.py:35,sregym/conductor/problems/ad_service_failure.py:38-41,alert_oracle.py:51 kubectl exec into the prometheus-server pod; :65 HTTP to the localhost Prometheus API; :48-76 firing-alert query; passes when no alert fires
astronomy_shop_ad_service_high_cpu,DEDICATED,AlertOracle,pod_exec;prometheus;tcp_or_http,Prometheus firing alerts,Deployment,False,False,False,True,ADEQUATE,"functional signal (pod_exec,prometheus,tcp_or_http) that the fault would break",sregym/conductor/problems/ad_service_high_cpu.py:33,sregym/conductor/problems/ad_service_high_cpu.py:36-47,alert_oracle.py:51 kubectl exec into the prometheus-server pod; :65 HTTP to the localhost Prometheus API; :48-76 firing-alert query; passes when no alert fires
astronomy_shop_ad_service_image_slow_load,DEDICATED,AlertOracle,pod_exec;prometheus;tcp_or_http,Prometheus firing alerts,ConfigMap;container_cmd_env,False,False,False,True,ADEQUATE,"functional signal (pod_exec,prometheus,tcp_or_http) that the fault would break",sregym/conductor/problems/image_slow_load.py:35,sregym/conductor/problems/image_slow_load.py:38-41,alert_oracle.py:51 kubectl exec into the prometheus-server pod; :65 HTTP to the localhost Prometheus API; :48-76 firing-alert query; passes when no alert fires
astronomy_shop_ad_service_manual_gc,DEDICATED,AlertOracle,pod_exec;prometheus;tcp_or_http,Prometheus firing alerts,ConfigMap,False,False,False,True,ADEQUATE,"functional signal (pod_exec,prometheus,tcp_or_http) that the fault would break",sregym/conductor/problems/ad_service_manual_gc.py:36,sregym/conductor/problems/ad_service_manual_gc.py:39-42,alert_oracle.py:51 kubectl exec into the prometheus-server pod; :65 HTTP to the localhost Prometheus API; :48-76 firing-alert query; passes when no alert fires
astronomy_shop_cart_service_failure,DEDICATED,AlertOracle,pod_exec;prometheus;tcp_or_http,Prometheus firing alerts,ConfigMap,False,False,False,True,ADEQUATE,"functional signal (pod_exec,prometheus,tcp_or_http) that the fault would break",sregym/conductor/problems/cart_service_failure.py:35,sregym/conductor/problems/cart_service_failure.py:38-41,alert_oracle.py:51 kubectl exec into the prometheus-server pod; :65 HTTP to the localhost Prometheus API; :48-76 firing-alert query; passes when no alert fires
astronomy_shop_failed_readiness_probe,DEDICATED,AlertOracle,pod_exec;prometheus;tcp_or_http,Prometheus firing alerts,Deployment;ConfigMap,False,False,False,True,ADEQUATE,"functional signal (pod_exec,prometheus,tcp_or_http) that the fault would break",sregym/conductor/problems/failed_readiness_probe.py:33,sregym/conductor/problems/failed_readiness_probe.py:36-48,alert_oracle.py:51 kubectl exec into the prometheus-server pod; :65 HTTP to the localhost Prometheus API; :48-76 firing-alert query; passes when no alert fires
astronomy_shop_payment_service_failure,DEDICATED,AlertOracle,pod_exec;prometheus;tcp_or_http,Prometheus firing alerts,ConfigMap,False,False,False,True,ADEQUATE,"functional signal (pod_exec,prometheus,tcp_or_http) that the fault would break",sregym/conductor/problems/payment_service_failure.py:34,sregym/conductor/problems/payment_service_failure.py:37-40,alert_oracle.py:51 kubectl exec into the prometheus-server pod; :65 HTTP to the localhost Prometheus API; :48-76 firing-alert query; passes when no alert fires
astronomy_shop_payment_service_unreachable,DEDICATED,AlertOracle,pod_exec;prometheus;tcp_or_http,Prometheus firing alerts,ConfigMap,False,False,False,True,ADEQUATE,"functional signal (pod_exec,prometheus,tcp_or_http) that the fault would break",sregym/conductor/problems/payment_service_unreachable.py:35,sregym/conductor/problems/payment_service_unreachable.py:38-41,alert_oracle.py:51 kubectl exec into the prometheus-server pod; :65 HTTP to the localhost Prometheus API; :48-76 firing-alert query; passes when no alert fires
astronomy_shop_product_catalog_service_failure,DEDICATED,AlertOracle,pod_exec;prometheus;tcp_or_http,Prometheus firing alerts,ConfigMap,False,False,False,True,ADEQUATE,"functional signal (pod_exec,prometheus,tcp_or_http) that the fault would break",sregym/conductor/problems/product_catalog_failure.py:34,sregym/conductor/problems/product_catalog_failure.py:37-40,alert_oracle.py:51 kubectl exec into the prometheus-server pod; :65 HTTP to the localhost Prometheus API; :48-76 firing-alert query; passes when no alert fires
auth_miss_mongodb,BARE_GENERIC,MitigationOracle,deployments;pods,,Deployment;container_cmd_env,False,False,True,False,ADEQUATE,observes perturbed kind Deployment via deployments,sregym/conductor/problems/auth_miss_mongodb.py:30,inject_auth_miss_mongodb@inject_virtual.py:62-94,mitigation.py:66 list_deployments; :86 list_pods; :69-84 replica predicates; :95-112 pod sweep. Services/endpoints/DNS/HTTP verified absent by grep (G0.1 A.4)
calico_route_reflector_label_drift_hotel_reservation,DEDICATED,CalicoRouteReflectorMitigationOracle,deployments;dns;pods;selectors;tcp_or_http,"BGPPeer/BGPConfiguration, node labels, probe Pod",Deployment;ConfigMap;Node;container_cmd_env,False,True,False,True,ADEQUATE,"functional signal (dns,tcp_or_http) that the fault would break",sregym/conductor/problems/calico_route_reflector_label_drift.py:96,sregym/conductor/problems/calico_route_reflector_label_drift.py:718-750,"calico_route_reflector_mitigation.py:52,:71,:97 deployments; :112 pods; :183-214 HTTP probes; :231 FQDN; BGP config/peer selector checks in the evaluate() call "
capacity_decrease_rpc_retry_storm,DEDICATED,AlertOracle,pod_exec;prometheus;tcp_or_http,Prometheus firing alerts,Deployment;ConfigMap;ResourceQuota,False,False,False,True,ADEQUATE,"functional signal (pod_exec,prometheus,tcp_or_http) that the fault would break",sregym/conductor/problems/capacity_decrease_rpc_retry_storm.py:30,sregym/conductor/problems/capacity_decrease_rpc_retry_storm.py:33-54,alert_oracle.py:51 kubectl exec into the prometheus-server pod; :65 HTTP to the localhost Prometheus API; :48-76 firing-alert query; passes when no alert fires
cfs_cpu_throttling_hotel_reservation,MITIGATIONORACLE_SUBCLASS,CpuThrottlingMitigationOracle,deployments,container CPU limits,UNCERTAIN,False,False,False,False,UNCERTAIN,perturbed resource kind not determinable from the problem class (injection delegated outside it),sregym/conductor/problems/cpu_throttling.py:52,sregym/conductor/problems/cpu_throttling.py:58-76,cpu_throttling_mitigation.py:81-113 overrides evaluate() WITHOUT super().evaluate() -> parent pod sweep NOT inherited; list_deployments :49; uses inherited self
configmap_drift_hotel_reservation,DEDICATED,MissingCmKeyMitigationOracle,UNCERTAIN,ConfigMap keys,ConfigMap,False,False,False,False,UNCERTAIN,oracle observation surface not determined,sregym/conductor/problems/configmap_drift.py:33,sregym/conductor/problems/configmap_drift.py:61-67,missing_cm_key_mitigation.py:23 kubectl get configmap -o yaml via kubectl.py:719; :32-36 expected key membership
cronjob_sidecar_blocks_completion_hotel_reservation,DEDICATED,CronJobSidecarBlocksCompletionMitigationOracle,deployments,CronJob/Job spec; runs a controlled Job,Job/CronJob;container_cmd_env,False,False,False,False,ADEQUATE,observes perturbed kind Job/CronJob via other surface (CronJob/Job spec; runs a controlled Job),sregym/conductor/problems/cronjob_sidecar_blocks_completion.py:165,sregym/conductor/problems/cronjob_sidecar_blocks_completion.py:171-220,"cronjob_sidecar_mitigation.py:154,:297 deployment reads; :173,:288 BatchV1 CronJob/Job; _run_controlled_job in the evaluate() call graph"
cumulative_admission_webhook_timeout_hotel_reservation,DEDICATED,CumulativeAdmissionWebhookTimeoutMitigationOracle,deployments;endpoints_or_endpointslices;pods;selectors,"NetworkPolicy, webhook config, probe Pod",Service;Pod;ConfigMap;Secret;NetworkPolicy;Node;Ingress;Webhook;container_cmd_env,False,False,False,False,ADEQUATE,observes perturbed kind Service via endpoints_or_endpointslices,sregym/conductor/problems/cumulative_admission_webhook_timeout_hotel_reservation.py:487,sregym/conductor/problems/cumulative_admission_webhook_timeout_hotel_reservation.py:490-581,cumulative_admission_webhook_timeout_mitigation.py:95..271 deployments; :333 pods; :283 endpoints; :183-196 selector match; :135-176 NetworkPolicy isolation; :3
dev_shm_exhaustion_hotel_reservation,DEDICATED,DevShmMitigationOracle,deployments;pods;selectors,"emptyDir medium, volumeMounts",Deployment;RBAC;container_cmd_env,False,False,False,False,ADEQUATE,observes perturbed kind Deployment via deployments,sregym/conductor/problems/dev_shm_exhaustion_hotel_reservation.py:51,sregym/conductor/problems/dev_shm_exhaustion_hotel_reservation.py:56-61,dev_shm_mitigation_oracle.py:26 read_namespaced_deployment; :35 _has_memory_backed_shm reads volume_mounts :65 and volumes :70-71; :44 list_namespaced_pod with 
duplicate_pvc_mounts_astronomy_shop,DEDICATED,DuplicatePVCMountsMitigationOracle,deployments;pods;tcp_or_http,"probe Pod, direct pod IP",Deployment;PVC/PV,False,False,False,True,ADEQUATE,functional signal (tcp_or_http) that the fault would break,sregym/conductor/problems/duplicate_pvc_mounts.py:38,inject_duplicate_pvc_mounts@inject_virtual.py:1691-1780,"duplicate_pvc_mounts_mitigation.py:50,:158 deployments; :84,:132 pods; :101-103 HTTP to pod IP; :107,:128 probe pod; :138 logs. NOTE pinned commit ba07faf1 REMO"
duplicate_pvc_mounts_hotel_reservation,DEDICATED,DuplicatePVCMountsMitigationOracle,deployments;pods;tcp_or_http,"probe Pod, direct pod IP",Deployment;PVC/PV,False,False,False,True,ADEQUATE,functional signal (tcp_or_http) that the fault would break,sregym/conductor/problems/duplicate_pvc_mounts.py:38,inject_duplicate_pvc_mounts@inject_virtual.py:1691-1780,"duplicate_pvc_mounts_mitigation.py:50,:158 deployments; :84,:132 pods; :101-103 HTTP to pod IP; :107,:128 probe pod; :138 logs. NOTE pinned commit ba07faf1 REMO"
duplicate_pvc_mounts_social_network,DEDICATED,DuplicatePVCMountsMitigationOracle,deployments;pods;tcp_or_http,"probe Pod, direct pod IP",Deployment;PVC/PV,False,False,False,True,ADEQUATE,functional signal (tcp_or_http) that the fault would break,sregym/conductor/problems/duplicate_pvc_mounts.py:38,inject_duplicate_pvc_mounts@inject_virtual.py:1691-1780,"duplicate_pvc_mounts_mitigation.py:50,:158 deployments; :84,:132 pods; :101-103 HTTP to pod IP; :107,:128 probe pod; :138 logs. NOTE pinned commit ba07faf1 REMO"
edge_request_filter_cpu_saturation,DEDICATED,EdgeRequestFilterMitigationOracle,deployments;dns;endpoints_or_endpointslices;pods;ports_or_targetports;selectors;services;tcp_or_http,probe Pod,Deployment,False,True,False,True,ADEQUATE,"functional signal (dns,tcp_or_http) that the fault would break",sregym/conductor/problems/edge_request_filter_cpu_saturation.py:52,sregym/conductor/problems/edge_request_filter_cpu_saturation.py:270-279,"edge_request_filter_mitigation.py:50,:190 deployments; :92,:164 pods; :120 service; :99 endpoints; :85 selector; :121 ports; :127 FQDN+HTTP; :139,:160 probe pod"
env_variable_shadowing_astronomy_shop,DEDICATED,EnvVariableShadowingMitigationOracle,deployments;dns;endpoints_or_endpointslices;pods;ports_or_targetports;selectors;services;tcp_or_http,probe Pod,Deployment;container_cmd_env,False,False,False,True,ADEQUATE,"functional signal (dns,tcp_or_http) that the fault would break",sregym/conductor/problems/env_variable_shadowing.py:33,sregym/conductor/problems/env_variable_shadowing.py:89-94,"env_variable_shadowing_mitigation.py:51,:183 deployments; :89,:157 pods; :117 service; :96 endpoints; :82 selector; :118 ports; :124 FQDN; :128 HTTP; :132,:153 "
ephemeral_port_range_hotel_reservation,DEDICATED,WorkloadOracle,workload,,UNCERTAIN,False,False,False,True,UNCERTAIN,perturbed resource kind not determinable from the problem class (injection delegated outside it),sregym/conductor/problems/ephemeral_port_range_hotel_reservation.py:37,sregym/conductor/problems/ephemeral_port_range_hotel_reservation.py:96-99,workload.py:21-22 wrk.collect(1) then collect(50); :24 entry.ok per-entry check
expired_tls_hotel_reservation,DEDICATED,ExpiredTlsMitigationOracle,UNCERTAIN,Ingress TLS certificate expiry,Secret;Ingress,False,False,False,False,UNCERTAIN,oracle observation surface not determined,sregym/conductor/problems/expired_tls_hotel_reservation.py:54,sregym/conductor/problems/expired_tls_hotel_reservation.py:58-81,"expired_tls_mitigation_oracle.py:33,:38 NetworkingV1Api ingress read; _get_cert_expiry parses the cert expiry. No Deployment/Pod read in the evaluate() call gra"
faulty_image_correlated,DEDICATED,IncorrectImageMitigationOracle,deployments,container image,container_cmd_env,False,False,False,False,ADEQUATE,observes perturbed kind container_cmd_env via deployments,sregym/conductor/problems/faulty_image_correlated.py:28,sregym/conductor/problems/faulty_image_correlated.py:36-43,incorrect_image_mitigation.py:25 get_deployment; :26-27 container.image compared at :29
feature_flag_latent_bug_hotel_reservation,COMPOUND,MitigationOracle;FeatureFlagHttpProbeMitigationOracle,deployments;pod_exec;pods;tcp_or_http,,ConfigMap;container_cmd_env,False,False,False,True,ADEQUATE,"functional signal (pod_exec,tcp_or_http) that the fault would break",sregym/conductor/problems/feature_flag_latent_bug_hotel_reservation.py:52,sregym/conductor/problems/feature_flag_latent_bug_hotel_reservation.py:71-86,mitigation.py:66 list_deployments; :86 list_pods; :69-84 replica predicates; :95-112 pod sweep. Services/endpoints/DNS/HTTP verified absent by grep (G0.1 A.4) || feature_flag_http_probe_mitigation.py:25 list_pods to choose a probe origin; :58-62 kubectl exec wget against http://frontend:5000/hotels; :64 asserts HTTP 200
file_descriptor_exhaustion,MITIGATIONORACLE_SUBCLASS,FDMitigationOracle,deployments;pods,pod logs,UNCERTAIN,False,False,False,False,UNCERTAIN,perturbed resource kind not determinable from the problem class (injection delegated outside it),sregym/conductor/problems/file_descriptor_exhaustion.py:43,sregym/conductor/problems/file_descriptor_exhaustion.py:143-162,"fd_exhaustion.py:28 super().evaluate() inherits deployments+pods; adds kubectl logs deployment/<svc> at :22-24 scanning for 'too many open files' at :36,:50"
finalizer_deadlock_controller_hotel_reservation,DEDICATED,FinalizerDeadlockControllerMitigationOracle,deployments;pods,ConfigMap finalizer lifecycle,Service;Deployment;ConfigMap;RBAC;container_cmd_env,False,False,False,False,ADEQUATE,observes perturbed kind Deployment via deployments,sregym/conductor/problems/finalizer_deadlock_controller.py:81,sregym/conductor/problems/finalizer_deadlock_controller.py:89-117,"finalizer_deadlock_controller_mitigation.py:80,:121 deployments; :218 pods; ConfigMap create/delete/wait :41-61,:101"
gc_capacity_degradation,DEDICATED,AlertOracle,pod_exec;prometheus;tcp_or_http,Prometheus firing alerts,ResourceQuota,False,False,False,True,ADEQUATE,"functional signal (pod_exec,prometheus,tcp_or_http) that the fault would break",sregym/conductor/problems/gc_capacity_degradation.py:29,sregym/conductor/problems/gc_capacity_degradation.py:66-73,alert_oracle.py:51 kubectl exec into the prometheus-server pod; :65 HTTP to the localhost Prometheus API; :48-76 firing-alert query; passes when no alert fires
hpa_missing_effective_cpu_request_hotel_reservation,DEDICATED,HPAControlPlaneMitigationOracle,deployments;pods;selectors,HorizontalPodAutoscaler spec/status,Deployment;ResourceQuota,False,False,False,False,ADEQUATE,observes perturbed kind Deployment via deployments,sregym/conductor/problems/hpa_missing_effective_cpu_request.py:67,sregym/conductor/problems/hpa_missing_effective_cpu_request.py:74-93,hpa_control_plane_mitigation.py:83-84 kubectl get deployment -o json; :93 kubectl get hpa -o json; :129 kubectl get pods -l <selector>; HPA CPU metric/scaling r
incorrect_image,DEDICATED,IncorrectImageMitigationOracle,deployments,container image,container_cmd_env,False,False,False,False,ADEQUATE,observes perturbed kind container_cmd_env via deployments,sregym/conductor/problems/incorrect_image.py:27,sregym/conductor/problems/incorrect_image.py:34-40,incorrect_image_mitigation.py:25 get_deployment; :26-27 container.image compared at :29
incorrect_port_assignment,DEDICATED,IncorrectPortAssignmentMitigationOracle,deployments;endpoints_or_endpointslices;pods;tcp_or_http,"container env address, probe Pod",Deployment;Node,False,False,False,True,ADEQUATE,functional signal (tcp_or_http) that the fault would break,sregym/conductor/problems/incorrect_port_assignment.py:51 (the :58 CompoundedOracle branch is gated on unschedulable=True at :53 and is NOT taken for this id),inject_assign_to_non_existent_node@inject_virtual.py:135-153,"incorrect_port.py:52,:153 deployments; :124 pods; :65-69 read_namespaced_endpoints; :57-62 env address; :79,:121 probe pod; :131 probe logs"
ingress_misroute,DEDICATED,IngressMisrouteMitigationOracle,UNCERTAIN,Ingress backend service name,Service;Ingress,False,False,False,False,UNCERTAIN,oracle observation surface not determined,sregym/conductor/problems/ingress_misroute.py:34,sregym/conductor/problems/ingress_misroute.py:58-106,ingress_misroute_oracle.py:17 read_namespaced_ingress; :23 compares path.backend.service.name to problem.correct_service. Reads the Ingress object only; never r
init_container_dependency_hang_astronomy_shop,BARE_GENERIC,MitigationOracle,deployments;pods,,UNCERTAIN,False,False,True,False,UNCERTAIN,perturbed resource kind not determinable from the problem class (injection delegated outside it),sregym/conductor/problems/init_container_dependency_hang.py:91,sregym/conductor/problems/init_container_dependency_hang.py:94-98,mitigation.py:66 list_deployments; :86 list_pods; :69-84 replica predicates; :95-112 pod sweep. Services/endpoints/DNS/HTTP verified absent by grep (G0.1 A.4)
init_container_dependency_hang_hotel_reservation,BARE_GENERIC,MitigationOracle,deployments;pods,,UNCERTAIN,False,False,True,False,UNCERTAIN,perturbed resource kind not determinable from the problem class (injection delegated outside it),sregym/conductor/problems/init_container_dependency_hang.py:91,sregym/conductor/problems/init_container_dependency_hang.py:94-98,mitigation.py:66 list_deployments; :86 list_pods; :69-84 replica predicates; :95-112 pod sweep. Services/endpoints/DNS/HTTP verified absent by grep (G0.1 A.4)
init_container_dependency_hang_social_network,BARE_GENERIC,MitigationOracle,deployments;pods,,UNCERTAIN,False,False,True,False,UNCERTAIN,perturbed resource kind not determinable from the problem class (injection delegated outside it),sregym/conductor/problems/init_container_dependency_hang.py:91,sregym/conductor/problems/init_container_dependency_hang.py:94-98,mitigation.py:66 list_deployments; :86 list_pods; :69-84 replica predicates; :95-112 pod sweep. Services/endpoints/DNS/HTTP verified absent by grep (G0.1 A.4)
internal_traffic_policy_local_astronomy_shop,DEDICATED,InternalTrafficPolicyMitigationOracle,dns;endpoints_or_endpointslices;pods;selectors;services;tcp_or_http,"node topology, probe Pod",Deployment;Node,False,True,False,True,ADEQUATE,"functional signal (dns,tcp_or_http) that the fault would break",sregym/conductor/problems/internal_traffic_policy_local.py:117,sregym/conductor/problems/internal_traffic_policy_local.py:185-206,internal_traffic_policy_mitigation.py:36 service read; :77-84 endpoints per node; :79 selector; :101 FQDN; :103 HTTP/TCP; :115 probe pod; :117 logs; :130 pods
k8s_target_port-misconfig,DEDICATED,TargetPortMisconfigMitigationOracle,pods;ports_or_targetports;services,,Service,False,False,False,False,ADEQUATE,"observes perturbed kind Service via services,ports_or_targetports — it reads the exact field the injector mutates: get_service_json (target_port_mitigation.py:17) then spec.ports[0].targetPort compared to 9090 (:18-19), while inject_misconfig_k8s patches that field 9090->9999",sregym/conductor/problems/target_port.py:30,"inject_misconfig_k8s@sregym/generators/fault/inject_virtual.py:38-48 (_modify_target_port_config :41-45, patch_service :48)",target_port_mitigation.py:17 get_service_json; :18-19 targetPort==9090; :23-44 namespace pod sweep
kafka_poison_pill_hol_block,DEDICATED,DataPlaneProgressOracle,deployments;pods;selectors,consumer pipeline progress,UNCERTAIN,False,False,False,False,UNCERTAIN,perturbed resource kind not determinable from the problem class (injection delegated outside it),sregym/conductor/problems/kafka_poison_pill_hol_block.py:44,sregym/conductor/problems/kafka_poison_pill_hol_block.py:53-59,data_plane_progress.py:44 deployment read; :47 label selector; :49 pods; _await_progress_past / _pipeline_snapshot in the evaluate() call graph
kafka_producer_leak,MITIGATIONORACLE_SUBCLASS,KafkaProducerLeakOracle,deployments;pods,"container env/limits, restart_count",UNCERTAIN,False,False,False,False,UNCERTAIN,perturbed resource kind not determinable from the problem class (injection delegated outside it),sregym/conductor/problems/kafka_producer_leak.py:32,sregym/conductor/problems/kafka_producer_leak.py:35-39,"kafka_producer_leak_mitigation.py:9 super().evaluate(); adds get_deployment :15-16, KAFKA_HEAP_OPTS env :28, memory limit :35, kafka restart_count :41-67"
kafka_queue_problems,DEDICATED,AlertOracle,pod_exec;prometheus;tcp_or_http,Prometheus firing alerts,ConfigMap,False,False,False,True,ADEQUATE,"functional signal (pod_exec,prometheus,tcp_or_http) that the fault would break",sregym/conductor/problems/kafka_queue_problems.py:35,sregym/conductor/problems/kafka_queue_problems.py:38-41,alert_oracle.py:51 kubectl exec into the prometheus-server pod; :65 HTTP to the localhost Prometheus API; :48-76 firing-alert query; passes when no alert fires
kubelet_crash,DEDICATED,AlertOracle,pod_exec;prometheus;tcp_or_http,Prometheus firing alerts,UNCERTAIN,False,True,False,True,UNCERTAIN,perturbed resource kind not determinable from the problem class (injection delegated outside it),sregym/conductor/problems/kubelet_crash.py:28,sregym/conductor/problems/kubelet_crash.py:33-39,alert_oracle.py:51 kubectl exec into the prometheus-server pod; :65 HTTP to the localhost Prometheus API; :48-76 firing-alert query; passes when no alert fires
kubelet_eviction_threshold_misconfig,MITIGATIONORACLE_SUBCLASS,KubeletEvictionThresholdMisconfigMitigationOracle,deployments,"node conditions, kubelet config via docker/node exec",Deployment;Node,False,False,False,False,ADEQUATE,observes perturbed kind Deployment via deployments,sregym/conductor/problems/kubelet_eviction_threshold_misconfig.py:42,sregym/conductor/problems/kubelet_eviction_threshold_misconfig.py:56-65,kubelet_eviction_threshold_misconfig_mitigation.py:100-118 overrides evaluate() WITHOUT super().evaluate(); uses inherited _wait_for_rollouts :75; list_deployme
latent_sector_error,DEDICATED,AlertOracle,pod_exec;prometheus;tcp_or_http,Prometheus firing alerts,UNCERTAIN,False,False,False,True,UNCERTAIN,perturbed resource kind not determinable from the problem class (injection delegated outside it),sregym/conductor/problems/khaos_faults.py:233,sregym/conductor/problems/khaos_faults.py:241-270,alert_oracle.py:51 kubectl exec into the prometheus-server pod; :65 HTTP to the localhost Prometheus API; :48-76 firing-alert query; passes when no alert fires
liveness_probe_misconfiguration_astronomy_shop,BARE_GENERIC,MitigationOracle,deployments;pods,,Deployment,False,False,True,False,ADEQUATE,observes perturbed kind Deployment via deployments,sregym/conductor/problems/liveness_probe_misconfiguration.py:48,inject_liveness_probe_misconfiguration@inject_virtual.py:1581-1615,mitigation.py:66 list_deployments; :86 list_pods; :69-84 replica predicates; :95-112 pod sweep. Services/endpoints/DNS/HTTP verified absent by grep (G0.1 A.4)
liveness_probe_misconfiguration_hotel_reservation,BARE_GENERIC,MitigationOracle,deployments;pods,,Deployment,False,False,True,False,ADEQUATE,observes perturbed kind Deployment via deployments,sregym/conductor/problems/liveness_probe_misconfiguration.py:48,inject_liveness_probe_misconfiguration@inject_virtual.py:1581-1615,mitigation.py:66 list_deployments; :86 list_pods; :69-84 replica predicates; :95-112 pod sweep. Services/endpoints/DNS/HTTP verified absent by grep (G0.1 A.4)
liveness_probe_misconfiguration_social_network,BARE_GENERIC,MitigationOracle,deployments;pods,,Deployment,False,False,True,False,ADEQUATE,observes perturbed kind Deployment via deployments,sregym/conductor/problems/liveness_probe_misconfiguration.py:48,inject_liveness_probe_misconfiguration@inject_virtual.py:1581-1615,mitigation.py:66 list_deployments; :86 list_pods; :69-84 replica predicates; :95-112 pod sweep. Services/endpoints/DNS/HTTP verified absent by grep (G0.1 A.4)
liveness_probe_too_aggressive_astronomy_shop,DEDICATED,SustainedReadinessOracle,pods,,UNCERTAIN,False,False,True,False,UNCERTAIN,perturbed resource kind not determinable from the problem class (injection delegated outside it),sregym/conductor/problems/liveness_probe_too_aggressive.py:44,sregym/conductor/problems/liveness_probe_too_aggressive.py:47-50,sustained_readiness.py:56 list_pods inside _check_all_pods_ready; :60-84 phase/container sweep; sustained over :39-49
liveness_probe_too_aggressive_hotel_reservation,DEDICATED,SustainedReadinessOracle,pods,,UNCERTAIN,False,False,True,False,UNCERTAIN,perturbed resource kind not determinable from the problem class (injection delegated outside it),sregym/conductor/problems/liveness_probe_too_aggressive.py:44,sregym/conductor/problems/liveness_probe_too_aggressive.py:47-50,sustained_readiness.py:56 list_pods inside _check_all_pods_ready; :60-84 phase/container sweep; sustained over :39-49
liveness_probe_too_aggressive_social_network,DEDICATED,SustainedReadinessOracle,pods,,UNCERTAIN,False,False,True,False,UNCERTAIN,perturbed resource kind not determinable from the problem class (injection delegated outside it),sregym/conductor/problems/liveness_probe_too_aggressive.py:44,sregym/conductor/problems/liveness_probe_too_aggressive.py:47-50,sustained_readiness.py:56 list_pods inside _check_all_pods_ready; :60-84 phase/container sweep; sustained over :39-49
load_spike_rpc_retry_storm,DEDICATED,AlertOracle,pod_exec;prometheus;tcp_or_http,Prometheus firing alerts,Deployment;ConfigMap,False,False,False,True,ADEQUATE,"functional signal (pod_exec,prometheus,tcp_or_http) that the fault would break",sregym/conductor/problems/load_spike_rpc_retry_storm.py:41,sregym/conductor/problems/load_spike_rpc_retry_storm.py:44-61,alert_oracle.py:51 kubectl exec into the prometheus-server pod; :65 HTTP to the localhost Prometheus API; :48-76 firing-alert query; passes when no alert fires
loadgenerator_flood_homepage,DEDICATED,AlertOracle,pod_exec;prometheus;tcp_or_http,Prometheus firing alerts,ConfigMap,False,False,False,True,ADEQUATE,"functional signal (pod_exec,prometheus,tcp_or_http) that the fault would break",sregym/conductor/problems/loadgenerator_flood_homepage.py:36,sregym/conductor/problems/loadgenerator_flood_homepage.py:39-42,alert_oracle.py:51 kubectl exec into the prometheus-server pod; :65 HTTP to the localhost Prometheus API; :48-76 firing-alert query; passes when no alert fires
misconfig_app_hotel_res,DEDICATED,IncorrectImageMitigationOracle,deployments,container image,container_cmd_env,False,False,False,False,ADEQUATE,observes perturbed kind container_cmd_env via deployments,sregym/conductor/problems/misconfig_app.py:29,sregym/conductor/problems/misconfig_app.py:34-41,incorrect_image_mitigation.py:25 get_deployment; :26-27 container.image compared at :29
missing_configmap_hotel_reservation,BARE_GENERIC,MitigationOracle,deployments;pods,,ConfigMap;Deployment,False,False,True,False,ADEQUATE,observes perturbed kind Deployment via deployments,sregym/conductor/problems/missing_configmap.py:39,inject_missing_configmap@inject_virtual.py:1387-1414,mitigation.py:66 list_deployments; :86 list_pods; :69-84 replica predicates; :95-112 pod sweep. Services/endpoints/DNS/HTTP verified absent by grep (G0.1 A.4)
missing_configmap_social_network,BARE_GENERIC,MitigationOracle,deployments;pods,,ConfigMap;Deployment,False,False,True,False,ADEQUATE,observes perturbed kind Deployment via deployments,sregym/conductor/problems/missing_configmap.py:39,inject_missing_configmap@inject_virtual.py:1387-1414,mitigation.py:66 list_deployments; :86 list_pods; :69-84 replica predicates; :95-112 pod sweep. Services/endpoints/DNS/HTTP verified absent by grep (G0.1 A.4)
missing_env_variable_astronomy_shop,DEDICATED,MissingEnvVariableMitigationOracle,deployments;pods,container env,UNCERTAIN,False,False,False,False,UNCERTAIN,perturbed resource kind not determinable from the problem class (injection delegated outside it),sregym/conductor/problems/missing_env_variable.py:35,sregym/conductor/problems/missing_env_variable.py:38-46,missing_env_variable_mitigation.py:19 get_deployment; :23-26 env var match; :47 list_pods; :49-71 pod sweep
missing_service_astronomy_shop,BARE_GENERIC,MitigationOracle,deployments;pods,,Pod;Service,True,True,True,False,BLIND,"observes {deployments,pods} but the fault mutates Service (would need endpoints_or_endpointslices/ports_or_targetports/services) [Pod churn excluded: injector deletes pods then waits for stability, so the pod surface is restored before evaluation]",sregym/conductor/problems/missing_service.py:40,inject_missing_service@inject_virtual.py:295-308,mitigation.py:66 list_deployments; :86 list_pods; :69-84 replica predicates; :95-112 pod sweep. Services/endpoints/DNS/HTTP verified absent by grep (G0.1 A.4)
missing_service_hotel_reservation,BARE_GENERIC,MitigationOracle,deployments;pods,,Pod;Service,True,True,True,False,BLIND,"observes {deployments,pods} but the fault mutates Service (would need endpoints_or_endpointslices/ports_or_targetports/services) [Pod churn excluded: injector deletes pods then waits for stability, so the pod surface is restored before evaluation]",sregym/conductor/problems/missing_service.py:40,inject_missing_service@inject_virtual.py:295-308,mitigation.py:66 list_deployments; :86 list_pods; :69-84 replica predicates; :95-112 pod sweep. Services/endpoints/DNS/HTTP verified absent by grep (G0.1 A.4)
missing_service_social_network,BARE_GENERIC,MitigationOracle,deployments;pods,,Pod;Service,True,True,True,False,BLIND,"observes {deployments,pods} but the fault mutates Service (would need endpoints_or_endpointslices/ports_or_targetports/services) [Pod churn excluded: injector deletes pods then waits for stability, so the pod surface is restored before evaluation]",sregym/conductor/problems/missing_service.py:40,inject_missing_service@inject_virtual.py:295-308,mitigation.py:66 list_deployments; :86 list_pods; :69-84 replica predicates; :95-112 pod sweep. Services/endpoints/DNS/HTTP verified absent by grep (G0.1 A.4)
mutating_webhook_resource_limits_social_network,DEDICATED,MutatingWebhookResourceLimitsMitigationOracle,deployments;endpoints_or_endpointslices;pods,"pod memory, OOMKilled, ReplicaSet ownership",Pod;ConfigMap;Secret;Webhook;container_cmd_env,False,False,False,False,ADEQUATE,observes perturbed kind Pod via pods,sregym/conductor/problems/mutating_webhook_resource_limits.py:196,sregym/conductor/problems/mutating_webhook_resource_limits.py:654-707,"mutating_webhook_resource_limits_mitigation.py:48,:137,:208 deployments; :78,:182 pods; :83 read_namespaced_endpoints; _oomkilled/_pod_memory in the evaluate() "
namespace_memory_limit,DEDICATED,NamespaceMemoryLimitMitigationOracle,deployments;dns;endpoints_or_endpointslices;pods;ports_or_targetports;selectors;services;tcp_or_http,probe Pod,ResourceQuota,False,True,False,True,ADEQUATE,"functional signal (dns,tcp_or_http) that the fault would break",sregym/conductor/problems/namespace_memory_limit.py:35,sregym/conductor/problems/namespace_memory_limit.py:176-185,"namespace_memory_limit_mitigation.py:51,:175 deployments; :78,:143 pods; :106 service; :85 endpoints; :71 selector; :107 ports; :113 FQDN; :115 HTTP; :116,:139 "
network_policy_block,DEDICATED,NetworkPolicyMitigationOracle,deployments;dns;endpoints_or_endpointslices;pods;ports_or_targetports;selectors;services;tcp_or_http,"probe Pod, NetworkPolicy",NetworkPolicy;Ingress,False,False,False,True,ADEQUATE,"functional signal (dns,tcp_or_http) that the fault would break",sregym/conductor/problems/network_policy_block.py:41,sregym/conductor/problems/network_policy_block.py:44-57,"network_policy_oracle.py:49,:179 deployments; :69,:153 pods; :96-112 service; :76 endpoints; :62,:107 selector; :101-118 ports; :112-114 FQDN/HTTP; :123,:149 pr"
nightly_rebalance_oom_hotel_reservation,MITIGATIONORACLE_SUBCLASS,NightlyRebalanceOOMMitigationOracle,deployments;pods;selectors,"CronJob/Job, OOMKilled last_state",Service;ConfigMap;Job/CronJob;RBAC;container_cmd_env,False,False,False,False,ADEQUATE,"observes perturbed kind Job/CronJob via other surface (CronJob/Job, OOMKilled last_state)",sregym/conductor/problems/nightly_rebalance_oom.py:52,sregym/conductor/problems/nightly_rebalance_oom.py:56-73,"nightly_rebalance_oom_mitigation.py:27 super().evaluate(); memory limit :83-97; pods by label io.kompose.service :101; OOMKilled :111; CronJob :55; Jobs :66,:72"
node_clock_drift_hotel_reservation,DEDICATED,NodeClockDriftMitigationOracle,pods;selectors,"node clock, probe Pod",Pod;ConfigMap;Secret;Node;RBAC;container_cmd_env,False,False,False,False,ADEQUATE,observes perturbed kind Pod via pods,sregym/conductor/problems/node_clock_drift.py:90,sregym/conductor/problems/node_clock_drift.py:301-315,"node_clock_drift_mitigation.py:62,:118,:134 pods; :62 selector; :115 probe pod created in the 'default' namespace; :122 probe logs"
node_conntrack_exhaustion_hotel_reservation,MITIGATIONORACLE_SUBCLASS,ConntrackMitigationOracle,deployments;pods;tcp_or_http,"probe Pod, node",Service;Deployment;Node;RBAC;container_cmd_env;iptables/net,False,False,False,True,ADEQUATE,functional signal (tcp_or_http) that the fault would break,sregym/conductor/problems/node_conntrack_exhaustion.py:46,sregym/conductor/problems/node_conntrack_exhaustion.py:50-72,"conntrack_mitigation.py:106 super().evaluate(); creates probe pod :75,:157; HTTP frontend probe :140; reads probe pod logs :159; list_pods :171"
operator_invalid_affinity_toleration,DEDICATED,InvalidAffinityMitigationOracle,pods,"TiDBCluster CR, StatefulSet, tolerations",CRD/Operator,False,False,False,False,ADEQUATE,"observes perturbed kind CRD/Operator via other surface (TiDBCluster CR, StatefulSet, tolerations)",sregym/conductor/problems/operator_misoperation/invalid_affinity_toleration.py:30,sregym/conductor/problems/operator_misoperation/invalid_affinity_toleration.py:33-37,operator_misoperation/invalid_affinity_mitigation.py:57 kubectl get tidbcluster -o json; :65 kubectl get sts; :74-78 kubectl get pods -l ...; :20 evaluatePods r
operator_non_existent_storage,DEDICATED,NonExistentStorageClassMitigationOracle,pods,"TiDBCluster CR, StorageClass",PVC/PV;CRD/Operator,False,False,False,False,ADEQUATE,"observes perturbed kind CRD/Operator via other surface (TiDBCluster CR, StorageClass)",sregym/conductor/problems/operator_misoperation/non_existent_storage.py:31,sregym/conductor/problems/operator_misoperation/non_existent_storage.py:34-38,operator_misoperation/non_existent_storage_mitigation.py: evaluate() + evaluatePods() read the TiDBCluster CR and namespace pods via kubectl.exec_command (kubec
operator_overload_replicas,DEDICATED,OverloadReplicasMitigationOracle,pods,TiDBCluster CR replicas,CRD/Operator,False,False,False,False,ADEQUATE,observes perturbed kind CRD/Operator via other surface (TiDBCluster CR replicas),sregym/conductor/problems/operator_misoperation/overload_replicas.py:32,sregym/conductor/problems/operator_misoperation/overload_replicas.py:35-39,operator_misoperation/overload_replicas_mitigation.py: evaluate() + evaluatePods() read the TiDBCluster CR and namespace pods via kubectl.exec_command (kubectl.
operator_security_context_fault,DEDICATED,SecurityContextMitigationOracle,pods,TiDBCluster CR securityContext,CRD/Operator,False,False,False,False,ADEQUATE,observes perturbed kind CRD/Operator via other surface (TiDBCluster CR securityContext),sregym/conductor/problems/operator_misoperation/security_context_fault.py:28,sregym/conductor/problems/operator_misoperation/security_context_fault.py:32-35,operator_misoperation/security_context_mitigation.py: evaluate() + evaluatePods() read the TiDBCluster CR and namespace pods via kubectl.exec_command (kubectl.p
operator_wrong_operator_image,BARE_GENERIC,MitigationOracle,deployments;pods,,container_cmd_env,False,False,True,False,ADEQUATE,observes perturbed kind container_cmd_env via deployments,sregym/conductor/problems/operator_misoperation/wrong_operator_image.py:31,sregym/conductor/problems/operator_misoperation/wrong_operator_image.py:34-37,mitigation.py:66 list_deployments; :86 list_pods; :69-84 replica predicates; :95-112 pod sweep. Services/endpoints/DNS/HTTP verified absent by grep (G0.1 A.4)
operator_wrong_update_strategy_fault,DEDICATED,WrongUpdateStrategyMitigationOracle,UNCERTAIN,"TiDBCluster CR, StatefulSet updateStrategy",CRD/Operator,False,False,False,False,UNCERTAIN,oracle observation surface not determined,sregym/conductor/problems/operator_misoperation/wrong_update_strategy.py:31,sregym/conductor/problems/operator_misoperation/wrong_update_strategy.py:34-37,operator_misoperation/wrong_update_strategy_mitigation.py:53 kubectl get tidbcluster; :59 kubectl get sts; :65-72 compares CR statefulSetUpdateStrategy to the i
persistent_volume_affinity_violation,BARE_GENERIC,MitigationOracle,deployments;pods,,Deployment;Node;PVC/PV,False,False,True,False,ADEQUATE,observes perturbed kind Deployment via deployments,sregym/conductor/problems/persistent_volume_affinity_violation.py:29,inject_persistent_volume_affinity_violation@inject_virtual.py:2132-2234,mitigation.py:66 list_deployments; :86 list_pods; :69-84 replica predicates; :95-112 pod sweep. Services/endpoints/DNS/HTTP verified absent by grep (G0.1 A.4)
pod_anti_affinity_deadlock,BARE_GENERIC,MitigationOracle,deployments;pods,,Deployment,False,False,True,False,ADEQUATE,observes perturbed kind Deployment via deployments,sregym/conductor/problems/pod_anti_affinity_deadlock.py:35,inject_pod_anti_affinity_deadlock@inject_virtual.py:2260-2305,mitigation.py:66 list_deployments; :86 list_pods; :69-84 replica predicates; :95-112 pod sweep. Services/endpoints/DNS/HTTP verified absent by grep (G0.1 A.4)
pod_cidr_exhaustion_hotel_reservation,BARE_GENERIC,MitigationOracle,deployments;pods,,Deployment;Pod;container_cmd_env,True,True,True,False,ADEQUATE,"observes perturbed kind Deployment via deployments [Pod churn excluded: injector deletes pods then waits for stability, so the pod surface is restored before evaluation]",sregym/conductor/problems/pod_cidr_exhaustion_hotel_reservation.py:60,sregym/conductor/problems/pod_cidr_exhaustion_hotel_reservation.py:70-146,mitigation.py:66 list_deployments; :86 list_pods; :69-84 replica predicates; :95-112 pod sweep. Services/endpoints/DNS/HTTP verified absent by grep (G0.1 A.4)
postgres_lock_contention_product_catalog,DEDICATED,PostgresLockMitigationOracle,dns;pods;ports_or_targetports;services;tcp_or_http,probe Pod,UNCERTAIN,False,False,False,True,UNCERTAIN,perturbed resource kind not determinable from the problem class (injection delegated outside it),sregym/conductor/problems/postgres_lock_contention_product_catalog.py:71,sregym/conductor/problems/postgres_lock_contention_product_catalog.py:75-97,"postgres_lock_mitigation.py:54 service read; :55 ports; :60 FQDN+HTTP; :63 probe cmd; :67,:86 probe pod; :91 pods; :97 probe logs"
priority_preemption_cascade_hotel_reservation,DEDICATED,PriorityPreemptionMitigationOracle,deployments;endpoints_or_endpointslices;pods;tcp_or_http,"PriorityClass, memory requests",Deployment;Node;container_cmd_env,False,False,False,True,ADEQUATE,functional signal (tcp_or_http) that the fault would break,sregym/conductor/problems/priority_preemption_cascade.py:89,sregym/conductor/problems/priority_preemption_cascade.py:741-805,priority_preemption_mitigation.py:37..224 deployments; :121 pods; :107 read_namespaced_endpoints; :147 HTTP check; _read_priority_class/_request_not_reduced in 
psa_restricted_blocks_recreation_hotel_reservation,DEDICATED,DeploymentReadinessOracle,deployments;pods,,Pod;Webhook;container_cmd_env,False,False,True,False,ADEQUATE,observes perturbed kind Pod via pods,sregym/conductor/problems/psa_restricted_blocks_recreation.py:98,sregym/conductor/problems/psa_restricted_blocks_recreation.py:113-138,deployment_readiness.py:32 list_deployments (settle); :62 get_deployment; :68-73 ready==desired; :77 list_pods; :78-97 pod sweep
pvc_claim_mismatch,BARE_GENERIC,MitigationOracle,deployments;pods,,PVC/PV,False,False,True,False,BLIND,"observes {deployments,pods} but the fault mutates PVC/PV (would need PVC)",sregym/conductor/problems/pvc_claim_mismatch.py:43,sregym/conductor/problems/pvc_claim_mismatch.py:46-48,mitigation.py:66 list_deployments; :86 list_pods; :69-84 replica predicates; :95-112 pod sweep. Services/endpoints/DNS/HTTP verified absent by grep (G0.1 A.4)
rbac_misconfiguration,BARE_GENERIC,MitigationOracle,deployments;pods,,ConfigMap;Deployment;RBAC;container_cmd_env,False,False,True,False,ADEQUATE,observes perturbed kind Deployment via deployments,sregym/conductor/problems/rbac_misconfiguration.py:29,inject_rbac_misconfiguration@inject_virtual.py:2394-2463,mitigation.py:66 list_deployments; :86 list_pods; :69-84 replica predicates; :95-112 pod sweep. Services/endpoints/DNS/HTTP verified absent by grep (G0.1 A.4)
readiness_probe_misconfiguration_astronomy_shop,DEDICATED,ReadinessProbeMitigationOracle,deployments;dns;endpoints_or_endpointslices;pods;ports_or_targetports;services;tcp_or_http,probe Pod,Deployment,False,False,False,True,ADEQUATE,"functional signal (dns,tcp_or_http) that the fault would break",sregym/conductor/problems/readiness_probe_misconfiguration.py:42,inject_readiness_probe_misconfiguration@inject_virtual.py:1530-1562,"readiness_probe_mitigation.py:49,:162 deployments; :74,:136 pods; :101 service read; :81 endpoints; :102 ports; :108 FQDN; :110 HTTP probe; :111,:132 probe pod;"
readiness_probe_misconfiguration_hotel_reservation,DEDICATED,ReadinessProbeMitigationOracle,deployments;dns;endpoints_or_endpointslices;pods;ports_or_targetports;services;tcp_or_http,probe Pod,Deployment,False,False,False,True,ADEQUATE,"functional signal (dns,tcp_or_http) that the fault would break",sregym/conductor/problems/readiness_probe_misconfiguration.py:42,inject_readiness_probe_misconfiguration@inject_virtual.py:1530-1562,"readiness_probe_mitigation.py:49,:162 deployments; :74,:136 pods; :101 service read; :81 endpoints; :102 ports; :108 FQDN; :110 HTTP probe; :111,:132 probe pod;"
readiness_probe_misconfiguration_social_network,DEDICATED,ReadinessProbeMitigationOracle,deployments;dns;endpoints_or_endpointslices;pods;ports_or_targetports;services;tcp_or_http,probe Pod,Deployment,False,False,False,True,ADEQUATE,"functional signal (dns,tcp_or_http) that the fault would break",sregym/conductor/problems/readiness_probe_misconfiguration.py:42,inject_readiness_probe_misconfiguration@inject_virtual.py:1530-1562,"readiness_probe_mitigation.py:49,:162 deployments; :74,:136 pods; :101 service read; :81 endpoints; :102 ports; :108 FQDN; :110 HTTP probe; :111,:132 probe pod;"
resource_request_too_large,BARE_GENERIC,MitigationOracle,deployments;pods,,UNCERTAIN,False,False,True,False,UNCERTAIN,perturbed resource kind not determinable from the problem class (injection delegated outside it),"sregym/conductor/problems/resource_request.py:34 (inherited from ResourceRequest, resource_request.py:15)",sregym/conductor/problems/resource_request.py:37-45,mitigation.py:66 list_deployments; :86 list_pods; :69-84 replica predicates; :95-112 pod sweep. Services/endpoints/DNS/HTTP verified absent by grep (G0.1 A.4)
resource_request_too_small,BARE_GENERIC,MitigationOracle,deployments;pods,,UNCERTAIN,False,False,True,False,UNCERTAIN,perturbed resource kind not determinable from the problem class (injection delegated outside it),"sregym/conductor/problems/resource_request.py:34 (inherited from ResourceRequest, resource_request.py:15)",sregym/conductor/problems/resource_request.py:37-45,mitigation.py:66 list_deployments; :86 list_pods; :69-84 replica predicates; :95-112 pod sweep. Services/endpoints/DNS/HTTP verified absent by grep (G0.1 A.4)
revoke_auth_mongodb-1,BARE_GENERIC,MitigationOracle,deployments;pods,,in-container MongoDB auth state;Pod,False,False,True,False,ADEQUATE,"INCIDENTAL detection, not observation of the perturbed thing: the injector revokes the MongoDB admin role inside the mongodb-geo pod (inject_app.py:49-54 running revoke-admin-*-mongo.sh) and deletes the dependent service pod (:56); on restart that service calls initializeDatabase, which dials as admin:admin and log.Panic()s on failure (cmd/geo/db.go:38-41, called from main.go before serving), so the pod CrashLoopBackOffs persistently and mitigation.py:96/:102-104 catches it. The oracle never observes the database state itself",sregym/conductor/problems/revoke_auth.py:37,inject_revoke_auth@sregym/generators/fault/inject_app.py:31-57,"mitigation.py:66 list_deployments; :86 list_pods; :95-112 pod sweep (phase!=Running, CrashLoopBackOff)"
revoke_auth_mongodb-2,BARE_GENERIC,MitigationOracle,deployments;pods,,in-container MongoDB auth state;Pod,False,False,True,False,ADEQUATE,"INCIDENTAL detection, not observation of the perturbed thing: the injector revokes the MongoDB admin role inside the mongodb-rate pod (inject_app.py:49-54 running revoke-admin-*-mongo.sh) and deletes the dependent service pod (:56); on restart that service calls initializeDatabase, which dials as admin:admin and log.Panic()s on failure (cmd/rate/db.go:38-41, called from main.go before serving), so the pod CrashLoopBackOffs persistently and mitigation.py:96/:102-104 catches it. The oracle never observes the database state itself",sregym/conductor/problems/revoke_auth.py:37,inject_revoke_auth@sregym/generators/fault/inject_app.py:31-57,"mitigation.py:66 list_deployments; :86 list_pods; :95-112 pod sweep (phase!=Running, CrashLoopBackOff)"
rolling_update_misconfigured_hotel_reservation,DEDICATED,RollingUpdateMitigationOracle,deployments,Deployment strategy; oracle MUTATES (patch + rollout probe),Deployment;Node;container_cmd_env,False,False,False,False,ADEQUATE,observes perturbed kind Deployment via deployments,sregym/conductor/problems/rolling_update_misconfigured.py:38,inject_rolling_update_misconfigured@inject_virtual.py:1921-1985,"rolling_update_misconfiguration_mitigation.py:64,:87,:188 deployment reads; _patch_deployment/_apply_rollout_probe/_restore_pod_template are in the evaluate() c"
rolling_update_misconfigured_social_network,DEDICATED,RollingUpdateMitigationOracle,deployments,Deployment strategy; oracle MUTATES (patch + rollout probe),Deployment;Node;container_cmd_env,False,False,False,False,ADEQUATE,observes perturbed kind Deployment via deployments,sregym/conductor/problems/rolling_update_misconfigured.py:38,inject_rolling_update_misconfigured@inject_virtual.py:1921-1985,"rolling_update_misconfiguration_mitigation.py:64,:87,:188 deployment reads; _patch_deployment/_apply_rollout_probe/_restore_pod_template are in the evaluate() c"
scale_pod_zero_social_net,DEDICATED,ScalePodZeroMitigationOracle,deployments;pods,,Deployment,False,False,True,False,ADEQUATE,observes perturbed kind Deployment via deployments,sregym/conductor/problems/scale_pod.py:35,inject_scale_pods_to_zero@inject_virtual.py:123-128,scale_pod_zero_mitigation.py:17 get_deployment; :23-26 replicas/available; :33 list_pods; :35-46 container sweep
search_rate_retry_collapse_hotel_reservation,DEDICATED,SearchRateRetryMitigationOracle,deployments;endpoints_or_endpointslices;workload,runtime policy,container_cmd_env,False,True,False,True,ADEQUATE,functional signal (workload) that the fault would break,sregym/conductor/problems/search_rate_retry_collapse.py:82,sregym/conductor/problems/search_rate_retry_collapse.py:235-251,"search_rate_retry_mitigation.py:45 list_deployments; :56 read_namespaced_endpoints; workload start/set_rate/snapshot at :149-159,:168-169 via problem.workload"
secret_rotation_stale_env_credentials_astronomy_shop,DEDICATED,SecretRotationStaleEnvMitigation,deployments;dns;endpoints_or_endpointslices;pod_exec;pods;ports_or_targetports;selectors;services;tcp_or_http,"Secret ref, probe Pod",Deployment;ConfigMap;Secret,False,False,False,True,ADEQUATE,"functional signal (dns,pod_exec,tcp_or_http) that the fault would break",sregym/conductor/problems/secret_rotation_stale_env_credentials.py:71,sregym/conductor/problems/secret_rotation_stale_env_credentials.py:331-385,"secret_rotation_stale_env_mitigation.py:71,:267 deployments; :131,:219 pods; :179 service; :138 endpoints; :124 selector; :180 ports; :186 FQDN+HTTP; :165 kubec"
service_dns_resolution_failure_astronomy_shop,DEDICATED,DNSResolutionMitigationOracle,deployments;dns;pods;ports_or_targetports;selectors;tcp_or_http,probe Pod,ConfigMap,False,False,False,True,ADEQUATE,"functional signal (dns,tcp_or_http) that the fault would break",sregym/conductor/problems/service_dns_resolution_failure.py:43,inject_service_dns_resolution_failure@inject_virtual.py:910-971,"dns_resolution_mitigation.py:43,:51,:57 deployment/service lookup; :54 selector; :69 DNS probe URL; :70,:93 probe pod created; :97 pod read; :103 probe logs; :1"
service_dns_resolution_failure_social_network,DEDICATED,DNSResolutionMitigationOracle,deployments;dns;pods;ports_or_targetports;selectors;tcp_or_http,probe Pod,ConfigMap,False,False,False,True,ADEQUATE,"functional signal (dns,tcp_or_http) that the fault would break",sregym/conductor/problems/service_dns_resolution_failure.py:43,inject_service_dns_resolution_failure@inject_virtual.py:910-971,"dns_resolution_mitigation.py:43,:51,:57 deployment/service lookup; :54 selector; :69 DNS probe URL; :70,:93 probe pod created; :97 pod read; :103 probe logs; :1"
service_port_conflict_astronomy_shop,BARE_GENERIC,MitigationOracle,deployments;pods,,UNCERTAIN,False,False,True,False,UNCERTAIN,perturbed resource kind not determinable from the problem class (injection delegated outside it),sregym/conductor/problems/service_port_conflict.py:51,sregym/conductor/problems/service_port_conflict.py:54-61,mitigation.py:66 list_deployments; :86 list_pods; :69-84 replica predicates; :95-112 pod sweep. Services/endpoints/DNS/HTTP verified absent by grep (G0.1 A.4)
service_port_conflict_hotel_reservation,BARE_GENERIC,MitigationOracle,deployments;pods,,UNCERTAIN,False,False,True,False,UNCERTAIN,perturbed resource kind not determinable from the problem class (injection delegated outside it),sregym/conductor/problems/service_port_conflict.py:51,sregym/conductor/problems/service_port_conflict.py:54-61,mitigation.py:66 list_deployments; :86 list_pods; :69-84 replica predicates; :95-112 pod sweep. Services/endpoints/DNS/HTTP verified absent by grep (G0.1 A.4)
service_port_conflict_social_network,BARE_GENERIC,MitigationOracle,deployments;pods,,UNCERTAIN,False,False,True,False,UNCERTAIN,perturbed resource kind not determinable from the problem class (injection delegated outside it),sregym/conductor/problems/service_port_conflict.py:51,sregym/conductor/problems/service_port_conflict.py:54-61,mitigation.py:66 list_deployments; :86 list_pods; :69-84 replica predicates; :95-112 pod sweep. Services/endpoints/DNS/HTTP verified absent by grep (G0.1 A.4)
service_wrong_pod_selection_hotel_reservation,DEDICATED,WrongPodSelectionMitigationOracle,deployments;dns;endpoints_or_endpointslices;pods;selectors;tcp_or_http,"EndpointSlice, probe Pod",UNCERTAIN,False,False,False,True,UNCERTAIN,perturbed resource kind not determinable from the problem class (injection delegated outside it),sregym/conductor/problems/service_wrong_pod_selection_hotel_reservation.py:40,inject_service_wrong_pod_selection@inject_virtual.py:835-874,"wrong_pod_selection_mitigation.py:50,:58 deployments; :123,:162 pods; :190-206 endpoint/EndpointSlice pod names; :192 selector; :91 svc FQDN; :110 HTTP probe; :"
sidecar_port_conflict_astronomy_shop,BARE_GENERIC,MitigationOracle,deployments;pods,,Deployment;container_cmd_env,False,True,True,False,ADEQUATE,observes perturbed kind Deployment via deployments,sregym/conductor/problems/sidecar_port_conflict.py:40,inject_sidecar_port_conflict@inject_virtual.py:1267-1315,mitigation.py:66 list_deployments; :86 list_pods; :69-84 replica predicates; :95-112 pod sweep. Services/endpoints/DNS/HTTP verified absent by grep (G0.1 A.4)
sidecar_port_conflict_hotel_reservation,BARE_GENERIC,MitigationOracle,deployments;pods,,Deployment;container_cmd_env,False,True,True,False,ADEQUATE,observes perturbed kind Deployment via deployments,sregym/conductor/problems/sidecar_port_conflict.py:40,inject_sidecar_port_conflict@inject_virtual.py:1267-1315,mitigation.py:66 list_deployments; :86 list_pods; :69-84 replica predicates; :95-112 pod sweep. Services/endpoints/DNS/HTTP verified absent by grep (G0.1 A.4)
sidecar_port_conflict_social_network,BARE_GENERIC,MitigationOracle,deployments;pods,,Deployment;container_cmd_env,False,True,True,False,ADEQUATE,observes perturbed kind Deployment via deployments,sregym/conductor/problems/sidecar_port_conflict.py:40,inject_sidecar_port_conflict@inject_virtual.py:1267-1315,mitigation.py:66 list_deployments; :86 list_pods; :69-84 replica predicates; :95-112 pod sweep. Services/endpoints/DNS/HTTP verified absent by grep (G0.1 A.4)
silent_data_corruption,DEDICATED,AlertOracle,pod_exec;prometheus;tcp_or_http,Prometheus firing alerts,PVC/PV,False,False,False,True,ADEQUATE,"functional signal (pod_exec,prometheus,tcp_or_http) that the fault would break",sregym/conductor/problems/silent_data_corruption.py:56,sregym/conductor/problems/silent_data_corruption.py:172-225,alert_oracle.py:51 kubectl exec into the prometheus-server pod; :65 HTTP to the localhost Prometheus API; :48-76 firing-alert query; passes when no alert fires
stale_coredns_config_astronomy_shop,DEDICATED,DNSResolutionMitigationOracle,deployments;dns;pods;ports_or_targetports;selectors;tcp_or_http,probe Pod,ConfigMap,False,False,False,True,ADEQUATE,"functional signal (dns,tcp_or_http) that the fault would break",sregym/conductor/problems/stale_coredns_config.py:43,inject_stale_coredns_config@inject_virtual.py:1074-1127,"dns_resolution_mitigation.py:43,:51,:57 deployment/service lookup; :54 selector; :69 DNS probe URL; :70,:93 probe pod created; :97 pod read; :103 probe logs; :1"
stale_coredns_config_social_network,DEDICATED,DNSResolutionMitigationOracle,deployments;dns;pods;ports_or_targetports;selectors;tcp_or_http,probe Pod,ConfigMap,False,False,False,True,ADEQUATE,"functional signal (dns,tcp_or_http) that the fault would break",sregym/conductor/problems/stale_coredns_config.py:43,inject_stale_coredns_config@inject_virtual.py:1074-1127,"dns_resolution_mitigation.py:43,:51,:57 deployment/service lookup; :54 selector; :69 DNS probe URL; :70,:93 probe pod created; :97 pod read; :103 probe logs; :1"
storage_user_unregistered-1,BARE_GENERIC,MitigationOracle,deployments;pods,,in-container MongoDB auth state;Pod,False,False,True,False,ADEQUATE,"INCIDENTAL detection, not observation of the perturbed thing: the injector drops the MongoDB admin user inside the mongodb-geo pod (inject_app.py:100-103 running remove-admin-mongo.sh, db.dropUser('admin')) and deletes the dependent service pod (:105); on restart that service dials as admin:admin and log.Panic()s (cmd/*/db.go:38-41), so the pod CrashLoopBackOffs persistently and mitigation.py:96/:102-104 catches it. The oracle never observes the database state itself",sregym/conductor/problems/storage_user_unregistered.py:37,inject_storage_user_unregistered@sregym/generators/fault/inject_app.py:85-105,"mitigation.py:66 list_deployments; :86 list_pods; :95-112 pod sweep (phase!=Running, CrashLoopBackOff)"
storage_user_unregistered-2,BARE_GENERIC,MitigationOracle,deployments;pods,,in-container MongoDB auth state;Pod,False,False,True,False,ADEQUATE,"INCIDENTAL detection, not observation of the perturbed thing: the injector drops the MongoDB admin user inside the mongodb-rate pod (inject_app.py:100-103 running remove-admin-mongo.sh, db.dropUser('admin')) and deletes the dependent service pod (:105); on restart that service dials as admin:admin and log.Panic()s (cmd/*/db.go:38-41), so the pod CrashLoopBackOffs persistently and mitigation.py:96/:102-104 catches it. The oracle never observes the database state itself",sregym/conductor/problems/storage_user_unregistered.py:37,inject_storage_user_unregistered@sregym/generators/fault/inject_app.py:85-105,"mitigation.py:66 list_deployments; :86 list_pods; :95-112 pod sweep (phase!=Running, CrashLoopBackOff)"
taint_no_toleration_social_network,BARE_GENERIC,MitigationOracle,deployments;pods,,Deployment;Pod;Node,False,True,True,False,ADEQUATE,observes perturbed kind Deployment via deployments,sregym/conductor/problems/taint_no_toleration.py:33,sregym/conductor/problems/taint_no_toleration.py:43-53,mitigation.py:66 list_deployments; :86 list_pods; :69-84 replica predicates; :95-112 pod sweep. Services/endpoints/DNS/HTTP verified absent by grep (G0.1 A.4)
trainticket_f17_nested_sql_select_clause_error,COMPOUND,WorkloadOracle,workload,,UNCERTAIN,False,False,False,True,UNCERTAIN,perturbed resource kind not determinable from the problem class (injection delegated outside it),sregym/conductor/problems/trainticket_f17.py:34,sregym/conductor/problems/trainticket_f17.py:40-46,workload.py:21-22 wrk.collect(1) then collect(50); :24 entry.ok per-entry check
trainticket_f22_sql_column_name_mismatch_error,DEDICATED,AlertOracle,pod_exec;prometheus;tcp_or_http,Prometheus firing alerts,UNCERTAIN,False,False,False,True,UNCERTAIN,perturbed resource kind not determinable from the problem class (injection delegated outside it),sregym/conductor/problems/train_ticket_f22.py:31,sregym/conductor/problems/train_ticket_f22.py:36-42,alert_oracle.py:51 kubectl exec into the prometheus-server pod; :65 HTTP to the localhost Prometheus API; :48-76 firing-alert query; passes when no alert fires
unschedulable_incorrect_port_assignment,COMPOUND,IncorrectPortAssignmentMitigationOracle(require_source_ready=False);AssignNonExistentNodeMitigationOracle,deployments;endpoints_or_endpointslices;pods;tcp_or_http,"container env address, probe Pod",Deployment;Node,False,False,False,True,ADEQUATE,functional signal (tcp_or_http) that the fault would break,sregym/conductor/problems/incorrect_port_assignment.py:58 (branch taken because registry.py:133 passes unschedulable=True; guard at :53),inject_assign_to_non_existent_node@inject_virtual.py:135-153,"incorrect_port.py:52,:153 deployments; :124 pods; :65-69 read_namespaced_endpoints; :57-62 env address; :79,:121 probe pod; :131 probe logs || assign_non_existent_node_mitigation.py:16 list_pods; :20 faulty pod existence; :26-44 phase/container sweep. No Deployment read"
update_incompatible_correlated,DEDICATED,IncorrectImageMitigationOracle,deployments,container image,container_cmd_env,False,False,False,False,ADEQUATE,observes perturbed kind container_cmd_env via deployments,sregym/conductor/problems/update_incompatible_correlated.py:34,sregym/conductor/problems/update_incompatible_correlated.py:41-48,incorrect_image_mitigation.py:25 get_deployment; :26-27 container.image compared at :29
valkey_auth_disruption,DEDICATED,ValkeyAuthMitigation,deployments;pod_exec;pods,valkey-cli CONFIG/PING,UNCERTAIN,False,False,False,True,UNCERTAIN,perturbed resource kind not determinable from the problem class (injection delegated outside it),sregym/conductor/problems/valkey_auth_disruption.py:26,sregym/conductor/problems/valkey_auth_disruption.py:31-34,"valkey_auth_mitigation.py:25 list_pods; :37,:44 kubectl exec valkey-cli CONFIG GET / PING; :50-53 cart deployment replicas"
valkey_memory_disruption,DEDICATED,AlertOracle,pod_exec;prometheus;tcp_or_http,Prometheus firing alerts,UNCERTAIN,False,False,False,True,UNCERTAIN,perturbed resource kind not determinable from the problem class (injection delegated outside it),sregym/conductor/problems/valkey_memory_disruption.py:26,sregym/conductor/problems/valkey_memory_disruption.py:31-34,alert_oracle.py:51 kubectl exec into the prometheus-server pod; :65 HTTP to the localhost Prometheus API; :48-76 firing-alert query; passes when no alert fires
workload_imbalance,DEDICATED,ImbalanceMitigationOracle,pods,pod CPU metrics (kubectl top),container_cmd_env,False,True,False,False,BLIND,observes {pods} but the fault mutates container_cmd_env (would need deployments),sregym/conductor/problems/workload_imbalance.py:31,sregym/conductor/problems/workload_imbalance.py:36-49,imbalance_mitigation.py:25 get_pod_cpu_usage -> kubectl.py:911 'kubectl top pod'; :31-38 max vs mean comparison. No Deployment or Service read
wrong_bin_usage,DEDICATED,WrongBinMitigationOracle,deployments,container command,Deployment;container_cmd_env,False,False,False,False,ADEQUATE,observes perturbed kind Deployment via deployments,sregym/conductor/problems/wrong_bin_usage.py:34,inject_wrong_bin_usage@inject_virtual.py:253-274,wrong_bin_mitigation.py:20 get_deployment; :24-25 container.command membership test
wrong_dns_policy_astronomy_shop,DEDICATED,DNSResolutionMitigationOracle,deployments;dns;pods;ports_or_targetports;selectors;tcp_or_http,probe Pod,Deployment,False,False,False,True,ADEQUATE,"functional signal (dns,tcp_or_http) that the fault would break",sregym/conductor/problems/wrong_dns_policy.py:42,inject_wrong_dns_policy@inject_virtual.py:1036-1054,"dns_resolution_mitigation.py:43,:51,:57 deployment/service lookup; :54 selector; :69 DNS probe URL; :70,:93 probe pod created; :97 pod read; :103 probe logs; :1"
wrong_dns_policy_hotel_reservation,DEDICATED,DNSResolutionMitigationOracle,deployments;dns;pods;ports_or_targetports;selectors;tcp_or_http,probe Pod,Deployment,False,False,False,True,ADEQUATE,"functional signal (dns,tcp_or_http) that the fault would break",sregym/conductor/problems/wrong_dns_policy.py:42,inject_wrong_dns_policy@inject_virtual.py:1036-1054,"dns_resolution_mitigation.py:43,:51,:57 deployment/service lookup; :54 selector; :69 DNS probe URL; :70,:93 probe pod created; :97 pod read; :103 probe logs; :1"
wrong_dns_policy_social_network,DEDICATED,DNSResolutionMitigationOracle,deployments;dns;pods;ports_or_targetports;selectors;tcp_or_http,probe Pod,Deployment,False,False,False,True,ADEQUATE,"functional signal (dns,tcp_or_http) that the fault would break",sregym/conductor/problems/wrong_dns_policy.py:42,inject_wrong_dns_policy@inject_virtual.py:1036-1054,"dns_resolution_mitigation.py:43,:51,:57 deployment/service lookup; :54 selector; :69 DNS probe URL; :70,:93 probe pod created; :97 pod read; :103 probe logs; :1"
wrong_service_selector_astronomy_shop,DEDICATED,ServiceEndpointMitigationOracle,deployments;dns;endpoints_or_endpointslices;pods;selectors;tcp_or_http,probe Pod,UNCERTAIN,False,False,False,True,UNCERTAIN,perturbed resource kind not determinable from the problem class (injection delegated outside it),sregym/conductor/problems/wrong_service_selector.py:42,inject_wrong_service_selector@inject_virtual.py:807-820,"service_endpoint_mitigation.py:50,:125 deployments; :98,:149 pods; :158 endpoints; :134 selector; :66 svc FQDN; :85 HTTP/TCP probe; :68,:94 probe pod; :103 prob"
wrong_service_selector_hotel_reservation,DEDICATED,ServiceEndpointMitigationOracle,deployments;dns;endpoints_or_endpointslices;pods;selectors;tcp_or_http,probe Pod,UNCERTAIN,False,False,False,True,UNCERTAIN,perturbed resource kind not determinable from the problem class (injection delegated outside it),sregym/conductor/problems/wrong_service_selector.py:42,inject_wrong_service_selector@inject_virtual.py:807-820,"service_endpoint_mitigation.py:50,:125 deployments; :98,:149 pods; :158 endpoints; :134 selector; :66 svc FQDN; :85 HTTP/TCP probe; :68,:94 probe pod; :103 prob"
wrong_service_selector_social_network,DEDICATED,ServiceEndpointMitigationOracle,deployments;dns;endpoints_or_endpointslices;pods;selectors;tcp_or_http,probe Pod,UNCERTAIN,False,False,False,True,UNCERTAIN,perturbed resource kind not determinable from the problem class (injection delegated outside it),sregym/conductor/problems/wrong_service_selector.py:42,inject_wrong_service_selector@inject_virtual.py:807-820,"service_endpoint_mitigation.py:50,:125 deployments; :98,:149 pods; :158 endpoints; :134 selector; :66 svc FQDN; :85 HTTP/TCP probe; :68,:94 probe pod; :103 prob"
