file,class,parent,inherits_parent_evaluate,deployments,pods,services,endpoints_or_endpointslices,selectors,ports_or_targetports,dns,tcp_or_http,pod_exec,workload,prometheus,llm_judge,agent_answer_string,other_observed_kinds,citations
base.py,Oracle,ABC,n/a,N,N,N,N,N,N,N,N,N,N,N,N,N,,base.py:6-24 abstract; evaluate() is @abstractmethod at base.py:20-24
compound.py,CompoundedOracle,Oracle,n/a,DELEGATES,DELEGATES,DELEGATES,DELEGATES,DELEGATES,DELEGATES,DELEGATES,DELEGATES,DELEGATES,DELEGATES,DELEGATES,DELEGATES,DELEGATES,,compound.py:25-64 calls each child oracle.evaluate() at :36 and ANDs success at :40-41; surfaces are the union of its children
detection.py,DetectionOracle,Oracle,n/a,N,N,N,N,N,N,N,N,N,N,N,N,Y,,detection.py:15-31 compares the agent string to Yes/No at :21; no cluster call in evaluate()
mitigation.py,MitigationOracle,Oracle,n/a,Y,Y,N,N,N,N,N,N,N,N,N,N,N,,mitigation.py:66 list_deployments; :86 list_pods; :69-84 replica predicates; :95-112 pod sweep. Services/endpoints/DNS/HTTP verified absent by grep (G0.1 A.4)
workload.py,WorkloadOracle,Oracle,n/a,N,N,N,N,N,N,N,N,N,Y,N,N,N,,workload.py:21-22 wrk.collect(1) then collect(50); :24 entry.ok per-entry check
fd_exhaustion.py,FDMitigationOracle,MitigationOracle,YES,Y(inh),Y(inh),N,N,N,N,N,N,N,N,N,N,N,pod logs,"fd_exhaustion.py:28 super().evaluate() inherits deployments+pods; adds kubectl logs deployment/<svc> at :22-24 scanning for 'too many open files' at :36,:50"
kafka_producer_leak_mitigation.py,KafkaProducerLeakOracle,MitigationOracle,YES,Y(inh)+Y,Y(inh)+Y,N,N,N,N,N,N,N,N,N,N,N,"container env/limits, restart_count","kafka_producer_leak_mitigation.py:9 super().evaluate(); adds get_deployment :15-16, KAFKA_HEAP_OPTS env :28, memory limit :35, kafka restart_count :41-67"
nightly_rebalance_oom_mitigation.py,NightlyRebalanceOOMMitigationOracle,MitigationOracle,YES,Y(inh)+Y,Y(inh)+Y,N,N,Y,N,N,N,N,N,N,N,N,"CronJob/Job, OOMKilled last_state","nightly_rebalance_oom_mitigation.py:27 super().evaluate(); memory limit :83-97; pods by label io.kompose.service :101; OOMKilled :111; CronJob :55; Jobs :66,:72"
conntrack_mitigation.py,ConntrackMitigationOracle,MitigationOracle,YES,Y(inh),Y(inh)+Y,N,N,N,N,N,Y,N,N,N,N,N,"probe Pod, node","conntrack_mitigation.py:106 super().evaluate(); creates probe pod :75,:157; HTTP frontend probe :140; reads probe pod logs :159; list_pods :171"
cpu_throttling_mitigation.py,CpuThrottlingMitigationOracle,MitigationOracle,NO,Y,N,N,N,N,N,N,N,N,N,N,N,N,container CPU limits,"cpu_throttling_mitigation.py:81-113 overrides evaluate() WITHOUT super().evaluate() -> parent pod sweep NOT inherited; list_deployments :49; uses inherited self.replica_count :42,:55,:61; CPU limit :95-107. NO list_pods anywhere in the evaluate() call graph"
kubelet_eviction_threshold_misconfig_mitigation.py,KubeletEvictionThresholdMisconfigMitigationOracle,MitigationOracle,NO,Y,N,N,N,N,N,N,N,N,N,N,N,N,"node conditions, kubelet config via docker/node exec",kubelet_eviction_threshold_misconfig_mitigation.py:100-118 overrides evaluate() WITHOUT super().evaluate(); uses inherited _wait_for_rollouts :75; list_deployments :76; list_nodes :26; DiskPressure :31; kubelet config read :17-22. NO list_pods in the evaluate() call graph
incorrect_image_mitigation.py,IncorrectImageMitigationOracle,Oracle,n/a,Y,N,N,N,N,N,N,N,N,N,N,N,N,container image,incorrect_image_mitigation.py:25 get_deployment; :26-27 container.image compared at :29
wrong_bin_mitigation.py,WrongBinMitigationOracle,Oracle,n/a,Y,N,N,N,N,N,N,N,N,N,N,N,N,container command,wrong_bin_mitigation.py:20 get_deployment; :24-25 container.command membership test
missing_env_variable_mitigation.py,MissingEnvVariableMitigationOracle,Oracle,n/a,Y,Y,N,N,N,N,N,N,N,N,N,N,N,container env,missing_env_variable_mitigation.py:19 get_deployment; :23-26 env var match; :47 list_pods; :49-71 pod sweep
scale_pod_zero_mitigation.py,ScalePodZeroMitigationOracle,Oracle,n/a,Y,Y,N,N,N,N,N,N,N,N,N,N,N,,scale_pod_zero_mitigation.py:17 get_deployment; :23-26 replicas/available; :33 list_pods; :35-46 container sweep
assign_non_existent_node_mitigation.py,AssignNonExistentNodeMitigationOracle,Oracle,n/a,N,Y,N,N,N,N,N,N,N,N,N,N,N,,assign_non_existent_node_mitigation.py:16 list_pods; :20 faulty pod existence; :26-44 phase/container sweep. No Deployment read
sustained_readiness.py,SustainedReadinessOracle,Oracle,n/a,N,Y,N,N,N,N,N,N,N,N,N,N,N,,sustained_readiness.py:56 list_pods inside _check_all_pods_ready; :60-84 phase/container sweep; sustained over :39-49
deployment_readiness.py,DeploymentReadinessOracle,Oracle,n/a,Y,Y,N,N,N,N,N,N,N,N,N,N,N,,deployment_readiness.py:32 list_deployments (settle); :62 get_deployment; :68-73 ready==desired; :77 list_pods; :78-97 pod sweep
dev_shm_mitigation_oracle.py,DevShmMitigationOracle,Oracle,n/a,Y,Y,N,N,Y,N,N,N,N,N,N,N,N,"emptyDir medium, volumeMounts",dev_shm_mitigation_oracle.py:26 read_namespaced_deployment; :35 _has_memory_backed_shm reads volume_mounts :65 and volumes :70-71; :44 list_namespaced_pod with label_selector; :47-57 pod sweep
imbalance_mitigation.py,ImbalanceMitigationOracle,Oracle,n/a,N,Y,N,N,N,N,N,N,N,N,N,N,N,pod CPU metrics (kubectl top),imbalance_mitigation.py:25 get_pod_cpu_usage -> kubectl.py:911 'kubectl top pod'; :31-38 max vs mean comparison. No Deployment or Service read
rolling_update_misconfiguration_mitigation.py,RollingUpdateMitigationOracle,Oracle,n/a,Y,N,N,N,N,N,N,N,N,N,N,N,N,Deployment strategy; oracle MUTATES (patch + rollout probe),"rolling_update_misconfiguration_mitigation.py:64,:87,:188 deployment reads; _patch_deployment/_apply_rollout_probe/_restore_pod_template are in the evaluate() call graph"
cronjob_sidecar_mitigation.py,CronJobSidecarBlocksCompletionMitigationOracle,Oracle,n/a,Y,N,N,N,N,N,N,N,N,N,N,N,N,CronJob/Job spec; runs a controlled Job,"cronjob_sidecar_mitigation.py:154,:297 deployment reads; :173,:288 BatchV1 CronJob/Job; _run_controlled_job in the evaluate() call graph"
finalizer_deadlock_controller_mitigation.py,FinalizerDeadlockControllerMitigationOracle,Oracle,n/a,Y,Y,N,N,N,N,N,N,N,N,N,N,N,ConfigMap finalizer lifecycle,"finalizer_deadlock_controller_mitigation.py:80,:121 deployments; :218 pods; ConfigMap create/delete/wait :41-61,:101"
search_rate_retry_mitigation.py,SearchRateRetryMitigationOracle,Oracle,n/a,Y,N,N,Y,N,N,N,N,N,Y,N,N,N,runtime policy,"search_rate_retry_mitigation.py:45 list_deployments; :56 read_namespaced_endpoints; workload start/set_rate/snapshot at :149-159,:168-169 via problem.workload"
rpc_retry_storm_mitigation.py,RPCRetryStormMitigationOracle,Oracle,n/a,N,Y,N,N,N,N,N,N,N,Y,N,N,N,latency trend,rpc_retry_storm_mitigation.py:137-144 run_workload -> problem.wrk.retrievelog(); :158 pods; analyze_latency_trend in the evaluate() call graph
data_plane_progress.py,DataPlaneProgressOracle,Oracle,n/a,Y,Y,N,N,Y,N,N,N,N,N,N,N,N,consumer pipeline progress,data_plane_progress.py:44 deployment read; :47 label selector; :49 pods; _await_progress_past / _pipeline_snapshot in the evaluate() call graph
hpa_control_plane_mitigation.py,HPAControlPlaneMitigationOracle,Oracle,n/a,Y,Y,N,N,Y,N,N,N,N,N,N,N,N,HorizontalPodAutoscaler spec/status,hpa_control_plane_mitigation.py:83-84 kubectl get deployment -o json; :93 kubectl get hpa -o json; :129 kubectl get pods -l <selector>; HPA CPU metric/scaling range checks :152-164. All via kubectl.py:719 host subprocess
admission_webhook_outage_mitigation.py,AdmissionWebhookOutageMitigationOracle,Oracle,n/a,Y,Y,N,Y,N,N,N,N,N,N,N,N,N,ReplicaSet ownership,"admission_webhook_outage_mitigation.py:46,:101,:127 deployments; :88 pods; :70 read_namespaced_endpoints; waits for a NEW ready endpoint (_wait_for_new_ready_endpoint)"
mutating_webhook_resource_limits_mitigation.py,MutatingWebhookResourceLimitsMitigationOracle,Oracle,n/a,Y,Y,N,Y,N,N,N,N,N,N,N,N,N,"pod memory, OOMKilled, ReplicaSet ownership","mutating_webhook_resource_limits_mitigation.py:48,:137,:208 deployments; :78,:182 pods; :83 read_namespaced_endpoints; _oomkilled/_pod_memory in the evaluate() call graph"
cumulative_admission_webhook_timeout_mitigation.py,CumulativeAdmissionWebhookTimeoutMitigationOracle,Oracle,n/a,Y,Y,N,Y,Y,N,N,N,N,N,N,N,N,"NetworkPolicy, webhook config, probe Pod","cumulative_admission_webhook_timeout_mitigation.py:95..271 deployments; :333 pods; :283 endpoints; :183-196 selector match; :135-176 NetworkPolicy isolation; :307,:322 probe pod creation"
priority_preemption_mitigation.py,PriorityPreemptionMitigationOracle,Oracle,n/a,Y,Y,N,Y,N,N,N,Y,N,N,N,N,N,"PriorityClass, memory requests",priority_preemption_mitigation.py:37..224 deployments; :121 pods; :107 read_namespaced_endpoints; :147 HTTP check; _read_priority_class/_request_not_reduced in the evaluate() call graph
dns_resolution_mitigation.py,DNSResolutionMitigationOracle,Oracle,n/a,Y,Y,N,N,Y,Y,Y,Y,N,N,N,N,N,probe Pod,"dns_resolution_mitigation.py:43,:51,:57 deployment/service lookup; :54 selector; :69 DNS probe URL; :70,:93 probe pod created; :97 pod read; :103 probe logs; :130 port; :135,:142 DNS assertions"
service_endpoint_mitigation.py,ServiceEndpointMitigationOracle,Oracle,n/a,Y,Y,N,Y,Y,N,Y,Y,N,N,N,N,N,probe Pod,"service_endpoint_mitigation.py:50,:125 deployments; :98,:149 pods; :158 endpoints; :134 selector; :66 svc FQDN; :85 HTTP/TCP probe; :68,:94 probe pod; :103 probe logs"
wrong_pod_selection_mitigation.py,WrongPodSelectionMitigationOracle,Oracle,n/a,Y,Y,N,Y,Y,N,Y,Y,N,N,N,N,N,"EndpointSlice, probe Pod","wrong_pod_selection_mitigation.py:50,:58 deployments; :123,:162 pods; :190-206 endpoint/EndpointSlice pod names; :192 selector; :91 svc FQDN; :110 HTTP probe; :93,:119 probe pod; :129 logs"
readiness_probe_mitigation.py,ReadinessProbeMitigationOracle,Oracle,n/a,Y,Y,Y,Y,N,Y,Y,Y,N,N,N,N,N,probe Pod,"readiness_probe_mitigation.py:49,:162 deployments; :74,:136 pods; :101 service read; :81 endpoints; :102 ports; :108 FQDN; :110 HTTP probe; :111,:132 probe pod; :142 logs"
incorrect_port.py,IncorrectPortAssignmentMitigationOracle,Oracle,n/a,Y,Y,N,Y,N,N,N,Y,N,N,N,N,N,"container env address, probe Pod","incorrect_port.py:52,:153 deployments; :124 pods; :65-69 read_namespaced_endpoints; :57-62 env address; :79,:121 probe pod; :131 probe logs"
internal_traffic_policy_mitigation.py,InternalTrafficPolicyMitigationOracle,Oracle,n/a,N,Y,Y,Y,Y,N,Y,Y,N,N,N,N,N,"node topology, probe Pod",internal_traffic_policy_mitigation.py:36 service read; :77-84 endpoints per node; :79 selector; :101 FQDN; :103 HTTP/TCP; :115 probe pod; :117 logs; :130 pods
edge_request_filter_mitigation.py,EdgeRequestFilterMitigationOracle,Oracle,n/a,Y,Y,Y,Y,Y,Y,Y,Y,N,N,N,N,N,probe Pod,"edge_request_filter_mitigation.py:50,:190 deployments; :92,:164 pods; :120 service; :99 endpoints; :85 selector; :121 ports; :127 FQDN+HTTP; :139,:160 probe pod; :170 logs"
env_variable_shadowing_mitigation.py,EnvVariableShadowingMitigationOracle,Oracle,n/a,Y,Y,Y,Y,Y,Y,Y,Y,N,N,N,N,N,probe Pod,"env_variable_shadowing_mitigation.py:51,:183 deployments; :89,:157 pods; :117 service; :96 endpoints; :82 selector; :118 ports; :124 FQDN; :128 HTTP; :132,:153 probe pod; :163 logs"
namespace_memory_limit_mitigation.py,NamespaceMemoryLimitMitigationOracle,Oracle,n/a,Y,Y,Y,Y,Y,Y,Y,Y,N,N,N,N,N,probe Pod,"namespace_memory_limit_mitigation.py:51,:175 deployments; :78,:143 pods; :106 service; :85 endpoints; :71 selector; :107 ports; :113 FQDN; :115 HTTP; :116,:139 probe pod; :149 logs"
network_policy_oracle.py,NetworkPolicyMitigationOracle,Oracle,n/a,Y,Y,Y,Y,Y,Y,Y,Y,N,N,N,N,N,"probe Pod, NetworkPolicy","network_policy_oracle.py:49,:179 deployments; :69,:153 pods; :96-112 service; :76 endpoints; :62,:107 selector; :101-118 ports; :112-114 FQDN/HTTP; :123,:149 probe pod; :174,:197 NetworkPolicy"
postgres_lock_mitigation.py,PostgresLockMitigationOracle,Oracle,n/a,N,Y,Y,N,N,Y,Y,Y,N,N,N,N,N,probe Pod,"postgres_lock_mitigation.py:54 service read; :55 ports; :60 FQDN+HTTP; :63 probe cmd; :67,:86 probe pod; :91 pods; :97 probe logs"
secret_rotation_stale_env_mitigation.py,SecretRotationStaleEnvMitigation,Oracle,n/a,Y,Y,Y,Y,Y,Y,Y,Y,Y,N,N,N,N,"Secret ref, probe Pod","secret_rotation_stale_env_mitigation.py:71,:267 deployments; :131,:219 pods; :179 service; :138 endpoints; :124 selector; :180 ports; :186 FQDN+HTTP; :165 kubectl exec into deploy; :194,:215 probe pod; :225 logs"
duplicate_pvc_mounts_mitigation.py,DuplicatePVCMountsMitigationOracle,Oracle,n/a,Y,Y,N,N,N,N,N,Y,N,N,N,N,N,"probe Pod, direct pod IP","duplicate_pvc_mounts_mitigation.py:50,:158 deployments; :84,:132 pods; :101-103 HTTP to pod IP; :107,:128 probe pod; :138 logs. NOTE pinned commit ba07faf1 REMOVED this oracle's Service/Endpoints checks in favour of a direct pod-IP probe"
calico_route_reflector_mitigation.py,CalicoRouteReflectorMitigationOracle,Oracle,n/a,Y,Y,N,N,Y,N,Y,Y,N,N,N,N,N,"BGPPeer/BGPConfiguration, node labels, probe Pod","calico_route_reflector_mitigation.py:52,:71,:97 deployments; :112 pods; :183-214 HTTP probes; :231 FQDN; BGP config/peer selector checks in the evaluate() call graph"
node_clock_drift_mitigation.py,NodeClockDriftMitigationOracle,Oracle,n/a,N,Y,N,N,Y,N,N,N,N,N,N,N,N,"node clock, probe Pod","node_clock_drift_mitigation.py:62,:118,:134 pods; :62 selector; :115 probe pod created in the 'default' namespace; :122 probe logs"
expired_tls_mitigation_oracle.py,ExpiredTlsMitigationOracle,Oracle,n/a,N,N,N,N,N,N,N,N,N,N,N,N,N,Ingress TLS certificate expiry,"expired_tls_mitigation_oracle.py:33,:38 NetworkingV1Api ingress read; _get_cert_expiry parses the cert expiry. No Deployment/Pod read in the evaluate() call graph"
ingress_misroute_oracle.py,IngressMisrouteMitigationOracle,Oracle,n/a,N,N,N,N,N,N,N,N,N,N,N,N,N,Ingress backend service name,ingress_misroute_oracle.py:17 read_namespaced_ingress; :23 compares path.backend.service.name to problem.correct_service. Reads the Ingress object only; never reads a Service object
missing_cm_key_mitigation.py,MissingCmKeyMitigationOracle,Oracle,n/a,N,N,N,N,N,N,N,N,N,N,N,N,N,ConfigMap keys,missing_cm_key_mitigation.py:23 kubectl get configmap -o yaml via kubectl.py:719; :32-36 expected key membership
feature_flag_http_probe_mitigation.py,FeatureFlagHttpProbeMitigationOracle,Oracle,n/a,N,Y,N,N,N,N,N,Y,Y,N,N,N,N,,feature_flag_http_probe_mitigation.py:25 list_pods to choose a probe origin; :58-62 kubectl exec wget against http://frontend:5000/hotels; :64 asserts HTTP 200
valkey_auth_mitigation.py,ValkeyAuthMitigation,Oracle,n/a,Y,Y,N,N,N,N,N,N,Y,N,N,N,N,valkey-cli CONFIG/PING,"valkey_auth_mitigation.py:25 list_pods; :37,:44 kubectl exec valkey-cli CONFIG GET / PING; :50-53 cart deployment replicas"
alert_oracle.py,AlertOracle,Oracle,n/a,N,N,N,N,N,N,N,Y,Y,N,Y,N,N,Prometheus firing alerts,alert_oracle.py:51 kubectl exec into the prometheus-server pod; :65 HTTP to the localhost Prometheus API; :48-76 firing-alert query; passes when no alert fires
target_port_mitigation.py,TargetPortMisconfigMitigationOracle,Oracle,n/a,N,Y,Y,N,N,Y,N,N,N,N,N,N,N,,target_port_mitigation.py:17 get_service_json; :18-19 targetPort == 9090; :23 list_pods; :25-44 container sweep
llm_as_a_judge/llm_as_a_judge_oracle.py,LLMAsAJudgeOracle,Oracle,n/a,N,N,N,N,N,N,N,N,N,N,N,Y,Y,,llm_as_a_judge_oracle.py:34-61 passes the agent's solution text to DiagnosisJudge; no cluster call in the evaluate() call graph
diagnosis_oracle.py,DiagnosisOracle,Oracle,n/a,N,N,N,N,N,N,N,N,N,N,N,N,Y,,diagnosis_oracle.py:119-130 parses and compares the agent solution string; verify_stability/compare_truth in the evaluate() call graph
operator_misoperation/invalid_affinity_mitigation.py,InvalidAffinityMitigationOracle,Oracle,n/a,N,Y,N,N,N,N,N,N,N,N,N,N,N,"TiDBCluster CR, StatefulSet, tolerations",operator_misoperation/invalid_affinity_mitigation.py:57 kubectl get tidbcluster -o json; :65 kubectl get sts; :74-78 kubectl get pods -l ...; :20 evaluatePods reads namespace pods; :92-98 bad-toleration-effect test
operator_misoperation/non_existent_storage_mitigation.py,NonExistentStorageClassMitigationOracle,Oracle,n/a,N,Y,N,N,N,N,N,N,N,N,N,N,N,"TiDBCluster CR, StorageClass",operator_misoperation/non_existent_storage_mitigation.py: evaluate() + evaluatePods() read the TiDBCluster CR and namespace pods via kubectl.exec_command (kubectl.py:719)
operator_misoperation/overload_replicas_mitigation.py,OverloadReplicasMitigationOracle,Oracle,n/a,N,Y,N,N,N,N,N,N,N,N,N,N,N,TiDBCluster CR replicas,operator_misoperation/overload_replicas_mitigation.py: evaluate() + evaluatePods() read the TiDBCluster CR and namespace pods via kubectl.exec_command (kubectl.py:719)
operator_misoperation/security_context_mitigation.py,SecurityContextMitigationOracle,Oracle,n/a,N,Y,N,N,N,N,N,N,N,N,N,N,N,TiDBCluster CR securityContext,operator_misoperation/security_context_mitigation.py: evaluate() + evaluatePods() read the TiDBCluster CR and namespace pods via kubectl.exec_command (kubectl.py:719)
operator_misoperation/wrong_update_strategy_mitigation.py,WrongUpdateStrategyMitigationOracle,Oracle,n/a,N,N,N,N,N,N,N,N,N,N,N,N,N,"TiDBCluster CR, StatefulSet updateStrategy",operator_misoperation/wrong_update_strategy_mitigation.py:53 kubectl get tidbcluster; :59 kubectl get sts; :65-72 compares CR statefulSetUpdateStrategy to the injected bad value. NOTE evaluate() does NOT call evaluatePods() (defined at :15 but never referenced from evaluate at :49-73) -> no pod check at all
