problem_id,registry_line,registry_expr,problem_file,problem_class,oracle_kind,oracle_class_or_children,oracle_expr,assignment_cite
admission_webhook_outage_hotel_reservation,registry.py:302,"lambda: AdmissionWebhookOutage(app_name=""hotel_reservation"", faulty_service=""recommendation"")",sregym/conductor/problems/admission_webhook_outage.py,AdmissionWebhookOutage,DEDICATED,AdmissionWebhookOutageMitigationOracle,AdmissionWebhookOutageMitigationOracle(problem=self),sregym/conductor/problems/admission_webhook_outage.py:96
admission_webhook_tls_mismatch_hotel_reservation,registry.py:306,"lambda: AdmissionWebhookTLSMismatch(app_name=""hotel_reservation"", faulty_service=""recommendation"")",sregym/conductor/problems/admission_webhook_tls_mismatch.py,AdmissionWebhookTLSMismatch,DEDICATED,DeploymentReadinessOracle,DeploymentReadinessOracle(problem=self),sregym/conductor/problems/admission_webhook_tls_mismatch.py:90
assign_to_non_existent_node,registry.py:153,AssignNonExistentNode,sregym/conductor/problems/assign_non_existent_node.py,AssignNonExistentNode,DEDICATED,AssignNonExistentNodeMitigationOracle,AssignNonExistentNodeMitigationOracle(problem=self),sregym/conductor/problems/assign_non_existent_node.py:33
astronomy_shop_ad_service_failure,registry.py:218,AdServiceFailure,sregym/conductor/problems/ad_service_failure.py,AdServiceFailure,DEDICATED,AlertOracle,AlertOracle(problem=self),sregym/conductor/problems/ad_service_failure.py:35
astronomy_shop_ad_service_high_cpu,registry.py:219,AdServiceHighCpu,sregym/conductor/problems/ad_service_high_cpu.py,AdServiceHighCpu,DEDICATED,AlertOracle,AlertOracle(problem=self),sregym/conductor/problems/ad_service_high_cpu.py:33
astronomy_shop_ad_service_image_slow_load,registry.py:220,ImageSlowLoad,sregym/conductor/problems/image_slow_load.py,ImageSlowLoad,DEDICATED,AlertOracle,AlertOracle(problem=self),sregym/conductor/problems/image_slow_load.py:35
astronomy_shop_ad_service_manual_gc,registry.py:221,AdServiceManualGc,sregym/conductor/problems/ad_service_manual_gc.py,AdServiceManualGc,DEDICATED,AlertOracle,AlertOracle(problem=self),sregym/conductor/problems/ad_service_manual_gc.py:36
astronomy_shop_cart_service_failure,registry.py:222,CartServiceFailure,sregym/conductor/problems/cart_service_failure.py,CartServiceFailure,DEDICATED,AlertOracle,AlertOracle(problem=self),sregym/conductor/problems/cart_service_failure.py:35
astronomy_shop_failed_readiness_probe,registry.py:223,FailedReadinessProbe,sregym/conductor/problems/failed_readiness_probe.py,FailedReadinessProbe,DEDICATED,AlertOracle,AlertOracle(problem=self),sregym/conductor/problems/failed_readiness_probe.py:33
astronomy_shop_payment_service_failure,registry.py:224,PaymentServiceFailure,sregym/conductor/problems/payment_service_failure.py,PaymentServiceFailure,DEDICATED,AlertOracle,AlertOracle(problem=self),sregym/conductor/problems/payment_service_failure.py:34
astronomy_shop_payment_service_unreachable,registry.py:225,PaymentServiceUnreachable,sregym/conductor/problems/payment_service_unreachable.py,PaymentServiceUnreachable,DEDICATED,AlertOracle,AlertOracle(problem=self),sregym/conductor/problems/payment_service_unreachable.py:35
astronomy_shop_product_catalog_service_failure,registry.py:226,ProductCatalogServiceFailure,sregym/conductor/problems/product_catalog_failure.py,ProductCatalogServiceFailure,DEDICATED,AlertOracle,AlertOracle(problem=self),sregym/conductor/problems/product_catalog_failure.py:34
auth_miss_mongodb,registry.py:154,MongoDBAuthMissing,sregym/conductor/problems/auth_miss_mongodb.py,MongoDBAuthMissing,BARE_GENERIC,MitigationOracle,MitigationOracle(problem=self),sregym/conductor/problems/auth_miss_mongodb.py:30
calico_route_reflector_label_drift_hotel_reservation,registry.py:304,CalicoRouteReflectorLabelDriftHotelReservation,sregym/conductor/problems/calico_route_reflector_label_drift.py,CalicoRouteReflectorLabelDriftHotelReservation,DEDICATED,CalicoRouteReflectorMitigationOracle,CalicoRouteReflectorMitigationOracle(problem=self),sregym/conductor/problems/calico_route_reflector_label_drift.py:96
capacity_decrease_rpc_retry_storm,registry.py:148,CapacityDecreaseRPCRetryStorm,sregym/conductor/problems/capacity_decrease_rpc_retry_storm.py,CapacityDecreaseRPCRetryStorm,DEDICATED,AlertOracle,"AlertOracle(problem=self, exclude_alerts=[""HighRequestRate""])",sregym/conductor/problems/capacity_decrease_rpc_retry_storm.py:30
cfs_cpu_throttling_hotel_reservation,registry.py:156,"lambda: CpuThrottling(faulty_service=""geo"")",sregym/conductor/problems/cpu_throttling.py,CpuThrottling,MITIGATIONORACLE_SUBCLASS,CpuThrottlingMitigationOracle,"CpuThrottlingMitigationOracle( problem=self, faulty_service=self.faulty_service, )",sregym/conductor/problems/cpu_throttling.py:52
configmap_drift_hotel_reservation,registry.py:155,"lambda: ConfigMapDrift(faulty_service=""geo"")",sregym/conductor/problems/configmap_drift.py,ConfigMapDrift,DEDICATED,MissingCmKeyMitigationOracle,"MissingCmKeyMitigationOracle( problem=self, configmap_name=self.configmap_name, expected_keys=[ ""consulAddress"", ""jaegerAddress"", ""FrontendPort"", ""GeoPort"", ""GeoMongoAddress"", ""ProfilePort"", ""ProfileMongoAddress"", ""ProfileMemcAddress"", ""RatePort"", ""RateMongoAddress"", ""RateMemcAddress"", ""RecommendPort"", ""RecommendMongoAddress"", ""ReservePort"", ""ReserveMongoAddress"", ""ReserveMemcAddress"", ""SearchPort"", ""UserPort"", ""UserMongoAddress"", ""KnativeDomainName"", ], )",sregym/conductor/problems/configmap_drift.py:33
cronjob_sidecar_blocks_completion_hotel_reservation,registry.py:310,CronJobSidecarBlocksCompletionHotelReservation,sregym/conductor/problems/cronjob_sidecar_blocks_completion.py,CronJobSidecarBlocksCompletionHotelReservation,DEDICATED,CronJobSidecarBlocksCompletionMitigationOracle,CronJobSidecarBlocksCompletionMitigationOracle(problem=self),sregym/conductor/problems/cronjob_sidecar_blocks_completion.py:165
cumulative_admission_webhook_timeout_hotel_reservation,registry.py:309,CumulativeAdmissionWebhookTimeoutHotelReservation,sregym/conductor/problems/cumulative_admission_webhook_timeout_hotel_reservation.py,CumulativeAdmissionWebhookTimeoutHotelReservation,DEDICATED,CumulativeAdmissionWebhookTimeoutMitigationOracle,CumulativeAdmissionWebhookTimeoutMitigationOracle(problem=self),sregym/conductor/problems/cumulative_admission_webhook_timeout_hotel_reservation.py:487
dev_shm_exhaustion_hotel_reservation,registry.py:300,DevShmExhaustionHotelReservation,sregym/conductor/problems/dev_shm_exhaustion_hotel_reservation.py,DevShmExhaustionHotelReservation,DEDICATED,DevShmMitigationOracle,DevShmMitigationOracle(problem=self),sregym/conductor/problems/dev_shm_exhaustion_hotel_reservation.py:51
duplicate_pvc_mounts_astronomy_shop,registry.py:159,"lambda: DuplicatePVCMounts(app_name=""astronomy_shop"", faulty_service=""frontend"")",sregym/conductor/problems/duplicate_pvc_mounts.py,DuplicatePVCMounts,DEDICATED,DuplicatePVCMountsMitigationOracle,DuplicatePVCMountsMitigationOracle(problem=self),sregym/conductor/problems/duplicate_pvc_mounts.py:38
duplicate_pvc_mounts_hotel_reservation,registry.py:160,"lambda: DuplicatePVCMounts(app_name=""hotel_reservation"", faulty_service=""frontend"")",sregym/conductor/problems/duplicate_pvc_mounts.py,DuplicatePVCMounts,DEDICATED,DuplicatePVCMountsMitigationOracle,DuplicatePVCMountsMitigationOracle(problem=self),sregym/conductor/problems/duplicate_pvc_mounts.py:38
duplicate_pvc_mounts_social_network,registry.py:161,"lambda: DuplicatePVCMounts(app_name=""social_network"", faulty_service=""jaeger"")",sregym/conductor/problems/duplicate_pvc_mounts.py,DuplicatePVCMounts,DEDICATED,DuplicatePVCMountsMitigationOracle,DuplicatePVCMountsMitigationOracle(problem=self),sregym/conductor/problems/duplicate_pvc_mounts.py:38
edge_request_filter_cpu_saturation,registry.py:142,EdgeRequestFilterCPUSaturation,sregym/conductor/problems/edge_request_filter_cpu_saturation.py,EdgeRequestFilterCPUSaturation,DEDICATED,EdgeRequestFilterMitigationOracle,EdgeRequestFilterMitigationOracle(problem=self),sregym/conductor/problems/edge_request_filter_cpu_saturation.py:52
env_variable_shadowing_astronomy_shop,registry.py:162,lambda: EnvVariableShadowing(),sregym/conductor/problems/env_variable_shadowing.py,EnvVariableShadowing,DEDICATED,EnvVariableShadowingMitigationOracle,EnvVariableShadowingMitigationOracle(problem=self),sregym/conductor/problems/env_variable_shadowing.py:33
ephemeral_port_range_hotel_reservation,registry.py:143,EphemeralPortRangeHotelReservation,sregym/conductor/problems/ephemeral_port_range_hotel_reservation.py,EphemeralPortRangeHotelReservation,DEDICATED,WorkloadOracle,"WorkloadOracle(problem=self, wrk_manager=self.app.wrk)",sregym/conductor/problems/ephemeral_port_range_hotel_reservation.py:37
expired_tls_hotel_reservation,registry.py:296,ExpiredTlsHotelReservation,sregym/conductor/problems/expired_tls_hotel_reservation.py,ExpiredTlsHotelReservation,DEDICATED,ExpiredTlsMitigationOracle,ExpiredTlsMitigationOracle(problem=self),sregym/conductor/problems/expired_tls_hotel_reservation.py:54
faulty_image_correlated,registry.py:127,FaultyImageCorrelated,sregym/conductor/problems/faulty_image_correlated.py,FaultyImageCorrelated,DEDICATED,IncorrectImageMitigationOracle,"IncorrectImageMitigationOracle( problem=self, actual_images={service: ""jackcuii/hotel-reservation:latest"" for service in self.faulty_service}, )",sregym/conductor/problems/faulty_image_correlated.py:28
feature_flag_latent_bug_hotel_reservation,registry.py:157,lambda: FeatureFlagLatentBugHotelReservation(),sregym/conductor/problems/feature_flag_latent_bug_hotel_reservation.py,FeatureFlagLatentBugHotelReservation,COMPOUND,MitigationOracle;FeatureFlagHttpProbeMitigationOracle,"CompoundedOracle( self, MitigationOracle(problem=self), FeatureFlagHttpProbeMitigationOracle(problem=self), )",sregym/conductor/problems/feature_flag_latent_bug_hotel_reservation.py:52
file_descriptor_exhaustion,registry.py:163,lambda: FileDescriptorExhaustion(),sregym/conductor/problems/file_descriptor_exhaustion.py,FileDescriptorExhaustion,MITIGATIONORACLE_SUBCLASS,FDMitigationOracle,FDMitigationOracle(problem=self),sregym/conductor/problems/file_descriptor_exhaustion.py:43
finalizer_deadlock_controller_hotel_reservation,registry.py:158,FinalizerDeadlockController,sregym/conductor/problems/finalizer_deadlock_controller.py,FinalizerDeadlockController,DEDICATED,FinalizerDeadlockControllerMitigationOracle,"FinalizerDeadlockControllerMitigationOracle( problem=self, configmap_name=self.configmap_name, finalizer=self.finalizer, controller_deployment_name=self.controller_name, )",sregym/conductor/problems/finalizer_deadlock_controller.py:81
gc_capacity_degradation,registry.py:149,GCCapacityDegradation,sregym/conductor/problems/gc_capacity_degradation.py,GCCapacityDegradation,DEDICATED,AlertOracle,"AlertOracle(problem=self, exclude_alerts=[""HighRequestRate""])",sregym/conductor/problems/gc_capacity_degradation.py:29
hpa_missing_effective_cpu_request_hotel_reservation,registry.py:193,lambda: HPAMissingEffectiveCPURequest(),sregym/conductor/problems/hpa_missing_effective_cpu_request.py,HPAMissingEffectiveCPURequest,DEDICATED,HPAControlPlaneMitigationOracle,"HPAControlPlaneMitigationOracle( problem=self, deployment_name=self.faulty_service, hpa_name=self.HPA_NAME, )",sregym/conductor/problems/hpa_missing_effective_cpu_request.py:67
incorrect_image,registry.py:130,IncorrectImage,sregym/conductor/problems/incorrect_image.py,IncorrectImage,DEDICATED,IncorrectImageMitigationOracle,"IncorrectImageMitigationOracle( problem=self, actual_images={""product-catalog"": ""app-image:latest""} )",sregym/conductor/problems/incorrect_image.py:27
incorrect_port_assignment,registry.py:131,IncorrectPortAssignment,sregym/conductor/problems/incorrect_port_assignment.py,IncorrectPortAssignment,DEDICATED,IncorrectPortAssignmentMitigationOracle,IncorrectPortAssignmentMitigationOracle(problem=self),sregym/conductor/problems/incorrect_port_assignment.py:51 (the :58 CompoundedOracle branch is gated on unschedulable=True at :53 and is NOT taken for this id)
ingress_misroute,registry.py:297,"lambda: IngressMisroute(path=""/api"", correct_service=""frontend-service"", wrong_service=""recommendation-service"")",sregym/conductor/problems/ingress_misroute.py,IngressMisroute,DEDICATED,IngressMisrouteMitigationOracle,IngressMisrouteMitigationOracle(problem=self),sregym/conductor/problems/ingress_misroute.py:34
init_container_dependency_hang_astronomy_shop,registry.py:173,"lambda: InitContainerDependencyHang(app_name=""astronomy_shop"", faulty_service=""frontend"")",sregym/conductor/problems/init_container_dependency_hang.py,InitContainerDependencyHang,BARE_GENERIC,MitigationOracle,MitigationOracle(problem=self),sregym/conductor/problems/init_container_dependency_hang.py:91
init_container_dependency_hang_hotel_reservation,registry.py:171,"lambda: InitContainerDependencyHang(app_name=""hotel_reservation"", faulty_service=""frontend"")",sregym/conductor/problems/init_container_dependency_hang.py,InitContainerDependencyHang,BARE_GENERIC,MitigationOracle,MitigationOracle(problem=self),sregym/conductor/problems/init_container_dependency_hang.py:91
init_container_dependency_hang_social_network,registry.py:172,"lambda: InitContainerDependencyHang(app_name=""social_network"", faulty_service=""user-service"")",sregym/conductor/problems/init_container_dependency_hang.py,InitContainerDependencyHang,BARE_GENERIC,MitigationOracle,MitigationOracle(problem=self),sregym/conductor/problems/init_container_dependency_hang.py:91
internal_traffic_policy_local_astronomy_shop,registry.py:301,InternalTrafficPolicyLocalAstronomyShop,sregym/conductor/problems/internal_traffic_policy_local.py,InternalTrafficPolicyLocalAstronomyShop,DEDICATED,InternalTrafficPolicyMitigationOracle,InternalTrafficPolicyMitigationOracle(problem=self),sregym/conductor/problems/internal_traffic_policy_local.py:117
kafka_poison_pill_hol_block,registry.py:228,KafkaPoisonPillHOLBlock,sregym/conductor/problems/kafka_poison_pill_hol_block.py,KafkaPoisonPillHOLBlock,DEDICATED,DataPlaneProgressOracle,"DataPlaneProgressOracle( problem=self, consumer_group=self.CONSUMER_GROUP, topic=self.TOPIC, output_topic=KafkaFaultInjector.OUTPUT_TOPIC, consumer_deployment=self.CONSUMER_DEPLOYMENT, )",sregym/conductor/problems/kafka_poison_pill_hol_block.py:44
kafka_producer_leak,registry.py:132,KafkaProducerLeak,sregym/conductor/problems/kafka_producer_leak.py,KafkaProducerLeak,MITIGATIONORACLE_SUBCLASS,KafkaProducerLeakOracle,KafkaProducerLeakOracle(problem=self),sregym/conductor/problems/kafka_producer_leak.py:32
kafka_queue_problems,registry.py:227,KafkaQueueProblems,sregym/conductor/problems/kafka_queue_problems.py,KafkaQueueProblems,DEDICATED,AlertOracle,AlertOracle(problem=self),sregym/conductor/problems/kafka_queue_problems.py:35
kubelet_crash,registry.py:346,KubeletCrash,sregym/conductor/problems/kubelet_crash.py,KubeletCrash,DEDICATED,AlertOracle,AlertOracle(problem=self),sregym/conductor/problems/kubelet_crash.py:28
kubelet_eviction_threshold_misconfig,registry.py:347,KubeletEvictionThresholdMisconfig,sregym/conductor/problems/kubelet_eviction_threshold_misconfig.py,KubeletEvictionThresholdMisconfig,MITIGATIONORACLE_SUBCLASS,KubeletEvictionThresholdMisconfigMitigationOracle,KubeletEvictionThresholdMisconfigMitigationOracle(problem=self),sregym/conductor/problems/kubelet_eviction_threshold_misconfig.py:42
latent_sector_error,registry.py:235,"lambda: KhaosFaultProblem(KhaosFaultName.latent_sector_error,inject_args=[30])",sregym/conductor/problems/khaos_faults.py,KhaosFaultProblem,DEDICATED,AlertOracle,AlertOracle(problem=self),sregym/conductor/problems/khaos_faults.py:233
liveness_probe_misconfiguration_astronomy_shop,registry.py:165,"lambda: LivenessProbeMisconfiguration(app_name=""astronomy_shop"", faulty_service=""frontend"")",sregym/conductor/problems/liveness_probe_misconfiguration.py,LivenessProbeMisconfiguration,BARE_GENERIC,MitigationOracle,MitigationOracle(problem=self),sregym/conductor/problems/liveness_probe_misconfiguration.py:48
liveness_probe_misconfiguration_hotel_reservation,registry.py:166,"lambda: LivenessProbeMisconfiguration(app_name=""hotel_reservation"", faulty_service=""recommendation"")",sregym/conductor/problems/liveness_probe_misconfiguration.py,LivenessProbeMisconfiguration,BARE_GENERIC,MitigationOracle,MitigationOracle(problem=self),sregym/conductor/problems/liveness_probe_misconfiguration.py:48
liveness_probe_misconfiguration_social_network,registry.py:167,"lambda: LivenessProbeMisconfiguration(app_name=""social_network"", faulty_service=""user-service"")",sregym/conductor/problems/liveness_probe_misconfiguration.py,LivenessProbeMisconfiguration,BARE_GENERIC,MitigationOracle,MitigationOracle(problem=self),sregym/conductor/problems/liveness_probe_misconfiguration.py:48
liveness_probe_too_aggressive_astronomy_shop,registry.py:168,"lambda: LivenessProbeTooAggressive(app_name=""astronomy_shop"")",sregym/conductor/problems/liveness_probe_too_aggressive.py,LivenessProbeTooAggressive,DEDICATED,SustainedReadinessOracle,"SustainedReadinessOracle(problem=self, sustained_period=30)",sregym/conductor/problems/liveness_probe_too_aggressive.py:44
liveness_probe_too_aggressive_hotel_reservation,registry.py:169,"lambda: LivenessProbeTooAggressive(app_name=""hotel_reservation"")",sregym/conductor/problems/liveness_probe_too_aggressive.py,LivenessProbeTooAggressive,DEDICATED,SustainedReadinessOracle,"SustainedReadinessOracle(problem=self, sustained_period=30)",sregym/conductor/problems/liveness_probe_too_aggressive.py:44
liveness_probe_too_aggressive_social_network,registry.py:170,"lambda: LivenessProbeTooAggressive(app_name=""social_network"")",sregym/conductor/problems/liveness_probe_too_aggressive.py,LivenessProbeTooAggressive,DEDICATED,SustainedReadinessOracle,"SustainedReadinessOracle(problem=self, sustained_period=30)",sregym/conductor/problems/liveness_probe_too_aggressive.py:44
load_spike_rpc_retry_storm,registry.py:150,LoadSpikeRPCRetryStorm,sregym/conductor/problems/load_spike_rpc_retry_storm.py,LoadSpikeRPCRetryStorm,DEDICATED,AlertOracle,"AlertOracle(problem=self, exclude_alerts=[""HighRequestRate""])",sregym/conductor/problems/load_spike_rpc_retry_storm.py:41
loadgenerator_flood_homepage,registry.py:229,LoadGeneratorFloodHomepage,sregym/conductor/problems/loadgenerator_flood_homepage.py,LoadGeneratorFloodHomepage,DEDICATED,AlertOracle,AlertOracle(problem=self),sregym/conductor/problems/loadgenerator_flood_homepage.py:36
misconfig_app_hotel_res,registry.py:134,MisconfigAppHotelRes,sregym/conductor/problems/misconfig_app.py,MisconfigAppHotelRes,DEDICATED,IncorrectImageMitigationOracle,"IncorrectImageMitigationOracle( problem=self, actual_images={""geo"": ""yinfangchen/geo:app3""} )",sregym/conductor/problems/misconfig_app.py:29
missing_configmap_hotel_reservation,registry.py:174,"lambda: MissingConfigMap(app_name=""hotel_reservation"", faulty_service=""mongodb-geo"")",sregym/conductor/problems/missing_configmap.py,MissingConfigMap,BARE_GENERIC,MitigationOracle,MitigationOracle(problem=self),sregym/conductor/problems/missing_configmap.py:39
missing_configmap_social_network,registry.py:175,"lambda: MissingConfigMap(app_name=""social_network"", faulty_service=""media-mongodb"")",sregym/conductor/problems/missing_configmap.py,MissingConfigMap,BARE_GENERIC,MitigationOracle,MitigationOracle(problem=self),sregym/conductor/problems/missing_configmap.py:39
missing_env_variable_astronomy_shop,registry.py:135,"lambda: MissingEnvVariable(app_name=""astronomy_shop"", faulty_service=""frontend"" )",sregym/conductor/problems/missing_env_variable.py,MissingEnvVariable,DEDICATED,MissingEnvVariableMitigationOracle,MissingEnvVariableMitigationOracle(problem=self),sregym/conductor/problems/missing_env_variable.py:35
missing_service_astronomy_shop,registry.py:176,"lambda: MissingService(app_name=""astronomy_shop"", faulty_service=""ad"")",sregym/conductor/problems/missing_service.py,MissingService,BARE_GENERIC,MitigationOracle,MitigationOracle(problem=self),sregym/conductor/problems/missing_service.py:40
missing_service_hotel_reservation,registry.py:177,"lambda: MissingService(app_name=""hotel_reservation"", faulty_service=""mongodb-rate"")",sregym/conductor/problems/missing_service.py,MissingService,BARE_GENERIC,MitigationOracle,MitigationOracle(problem=self),sregym/conductor/problems/missing_service.py:40
missing_service_social_network,registry.py:178,"lambda: MissingService(app_name=""social_network"", faulty_service=""user-service"")",sregym/conductor/problems/missing_service.py,MissingService,BARE_GENERIC,MitigationOracle,MitigationOracle(problem=self),sregym/conductor/problems/missing_service.py:40
mutating_webhook_resource_limits_social_network,registry.py:307,MutatingWebhookResourceLimits,sregym/conductor/problems/mutating_webhook_resource_limits.py,MutatingWebhookResourceLimits,DEDICATED,MutatingWebhookResourceLimitsMitigationOracle,MutatingWebhookResourceLimitsMitigationOracle(problem=self),sregym/conductor/problems/mutating_webhook_resource_limits.py:196
namespace_memory_limit,registry.py:179,NamespaceMemoryLimit,sregym/conductor/problems/namespace_memory_limit.py,NamespaceMemoryLimit,DEDICATED,NamespaceMemoryLimitMitigationOracle,NamespaceMemoryLimitMitigationOracle(problem=self),sregym/conductor/problems/namespace_memory_limit.py:35
network_policy_block,registry.py:298,"lambda: NetworkPolicyBlock(faulty_service=""recommendation"")",sregym/conductor/problems/network_policy_block.py,NetworkPolicyBlock,DEDICATED,NetworkPolicyMitigationOracle,NetworkPolicyMitigationOracle(problem=self),sregym/conductor/problems/network_policy_block.py:41
nightly_rebalance_oom_hotel_reservation,registry.py:180,"lambda: NightlyRebalanceOOM(faulty_service=""recommendation"")",sregym/conductor/problems/nightly_rebalance_oom.py,NightlyRebalanceOOM,MITIGATIONORACLE_SUBCLASS,NightlyRebalanceOOMMitigationOracle,NightlyRebalanceOOMMitigationOracle(problem=self),sregym/conductor/problems/nightly_rebalance_oom.py:52
node_clock_drift_hotel_reservation,registry.py:181,NodeClockDriftHotelReservation,sregym/conductor/problems/node_clock_drift.py,NodeClockDriftHotelReservation,DEDICATED,NodeClockDriftMitigationOracle,NodeClockDriftMitigationOracle(self),sregym/conductor/problems/node_clock_drift.py:90
node_conntrack_exhaustion_hotel_reservation,registry.py:299,NodeConntrackExhaustionHotelReservation,sregym/conductor/problems/node_conntrack_exhaustion.py,NodeConntrackExhaustionHotelReservation,MITIGATIONORACLE_SUBCLASS,ConntrackMitigationOracle,ConntrackMitigationOracle(problem=self),sregym/conductor/problems/node_conntrack_exhaustion.py:46
operator_invalid_affinity_toleration,registry.py:352,K8SOperatorInvalidAffinityTolerationFault,sregym/conductor/problems/operator_misoperation/invalid_affinity_toleration.py,K8SOperatorInvalidAffinityTolerationFault,DEDICATED,InvalidAffinityMitigationOracle,"InvalidAffinityMitigationOracle(problem=self, deployment_name=""basic"")",sregym/conductor/problems/operator_misoperation/invalid_affinity_toleration.py:30
operator_non_existent_storage,registry.py:351,K8SOperatorNonExistentStorageFault,sregym/conductor/problems/operator_misoperation/non_existent_storage.py,K8SOperatorNonExistentStorageFault,DEDICATED,NonExistentStorageClassMitigationOracle,"NonExistentStorageClassMitigationOracle(problem=self, deployment_name=""basic"")",sregym/conductor/problems/operator_misoperation/non_existent_storage.py:31
operator_overload_replicas,registry.py:350,K8SOperatorOverloadReplicasFault,sregym/conductor/problems/operator_misoperation/overload_replicas.py,K8SOperatorOverloadReplicasFault,DEDICATED,OverloadReplicasMitigationOracle,"OverloadReplicasMitigationOracle(problem=self, deployment_name=""basic"")",sregym/conductor/problems/operator_misoperation/overload_replicas.py:32
operator_security_context_fault,registry.py:353,K8SOperatorSecurityContextFault,sregym/conductor/problems/operator_misoperation/security_context_fault.py,K8SOperatorSecurityContextFault,DEDICATED,SecurityContextMitigationOracle,"SecurityContextMitigationOracle(problem=self, deployment_name=""basic"")",sregym/conductor/problems/operator_misoperation/security_context_fault.py:28
operator_wrong_operator_image,registry.py:355,K8SOperatorWrongOperatorImage,sregym/conductor/problems/operator_misoperation/wrong_operator_image.py,K8SOperatorWrongOperatorImage,BARE_GENERIC,MitigationOracle,MitigationOracle(problem=self),sregym/conductor/problems/operator_misoperation/wrong_operator_image.py:31
operator_wrong_update_strategy_fault,registry.py:354,K8SOperatorWrongUpdateStrategyFault,sregym/conductor/problems/operator_misoperation/wrong_update_strategy.py,K8SOperatorWrongUpdateStrategyFault,DEDICATED,WrongUpdateStrategyMitigationOracle,"WrongUpdateStrategyMitigationOracle(problem=self, deployment_name=""basic"")",sregym/conductor/problems/operator_misoperation/wrong_update_strategy.py:31
persistent_volume_affinity_violation,registry.py:184,PersistentVolumeAffinityViolation,sregym/conductor/problems/persistent_volume_affinity_violation.py,PersistentVolumeAffinityViolation,BARE_GENERIC,MitigationOracle,MitigationOracle(problem=self),sregym/conductor/problems/persistent_volume_affinity_violation.py:29
pod_anti_affinity_deadlock,registry.py:182,PodAntiAffinityDeadlock,sregym/conductor/problems/pod_anti_affinity_deadlock.py,PodAntiAffinityDeadlock,BARE_GENERIC,MitigationOracle,MitigationOracle(problem=self),sregym/conductor/problems/pod_anti_affinity_deadlock.py:35
pod_cidr_exhaustion_hotel_reservation,registry.py:303,lambda: PodCIDRExhaustionHotelReservation(),sregym/conductor/problems/pod_cidr_exhaustion_hotel_reservation.py,PodCIDRExhaustionHotelReservation,BARE_GENERIC,MitigationOracle,MitigationOracle(problem=self),sregym/conductor/problems/pod_cidr_exhaustion_hotel_reservation.py:60
postgres_lock_contention_product_catalog,registry.py:183,PostgresLockContentionProductCatalog,sregym/conductor/problems/postgres_lock_contention_product_catalog.py,PostgresLockContentionProductCatalog,DEDICATED,PostgresLockMitigationOracle,PostgresLockMitigationOracle(problem=self),sregym/conductor/problems/postgres_lock_contention_product_catalog.py:71
priority_preemption_cascade_hotel_reservation,registry.py:185,PriorityPreemptionCascadeHotelReservation,sregym/conductor/problems/priority_preemption_cascade.py,PriorityPreemptionCascadeHotelReservation,DEDICATED,PriorityPreemptionMitigationOracle,PriorityPreemptionMitigationOracle(problem=self),sregym/conductor/problems/priority_preemption_cascade.py:89
psa_restricted_blocks_recreation_hotel_reservation,registry.py:308,"lambda: PSARestrictedBlocksRecreation(app_name=""hotel_reservation"", faulty_service=""recommendation"")",sregym/conductor/problems/psa_restricted_blocks_recreation.py,PSARestrictedBlocksRecreation,DEDICATED,DeploymentReadinessOracle,DeploymentReadinessOracle(problem=self),sregym/conductor/problems/psa_restricted_blocks_recreation.py:98
pvc_claim_mismatch,registry.py:186,PVCClaimMismatch,sregym/conductor/problems/pvc_claim_mismatch.py,PVCClaimMismatch,BARE_GENERIC,MitigationOracle,MitigationOracle(problem=self),sregym/conductor/problems/pvc_claim_mismatch.py:43
rbac_misconfiguration,registry.py:187,RBACMisconfiguration,sregym/conductor/problems/rbac_misconfiguration.py,RBACMisconfiguration,BARE_GENERIC,MitigationOracle,MitigationOracle(problem=self),sregym/conductor/problems/rbac_misconfiguration.py:29
readiness_probe_misconfiguration_astronomy_shop,registry.py:188,"lambda: ReadinessProbeMisconfiguration(app_name=""astronomy_shop"", faulty_service=""frontend"")",sregym/conductor/problems/readiness_probe_misconfiguration.py,ReadinessProbeMisconfiguration,DEDICATED,ReadinessProbeMitigationOracle,ReadinessProbeMitigationOracle(problem=self),sregym/conductor/problems/readiness_probe_misconfiguration.py:42
readiness_probe_misconfiguration_hotel_reservation,registry.py:189,"lambda: ReadinessProbeMisconfiguration(app_name=""hotel_reservation"", faulty_service=""frontend"")",sregym/conductor/problems/readiness_probe_misconfiguration.py,ReadinessProbeMisconfiguration,DEDICATED,ReadinessProbeMitigationOracle,ReadinessProbeMitigationOracle(problem=self),sregym/conductor/problems/readiness_probe_misconfiguration.py:42
readiness_probe_misconfiguration_social_network,registry.py:190,"lambda: ReadinessProbeMisconfiguration(app_name=""social_network"", faulty_service=""user-service"")",sregym/conductor/problems/readiness_probe_misconfiguration.py,ReadinessProbeMisconfiguration,DEDICATED,ReadinessProbeMitigationOracle,ReadinessProbeMitigationOracle(problem=self),sregym/conductor/problems/readiness_probe_misconfiguration.py:42
resource_request_too_large,registry.py:191,"lambda: ResourceRequestTooLarge(app_name=""hotel_reservation"", faulty_service=""mongodb-rate"")",sregym/conductor/problems/resource_request.py,ResourceRequestTooLarge,BARE_GENERIC,MitigationOracle,MitigationOracle(problem=self),"sregym/conductor/problems/resource_request.py:34 (inherited from ResourceRequest, resource_request.py:15)"
resource_request_too_small,registry.py:192,"lambda: ResourceRequestTooSmall(app_name=""hotel_reservation"", faulty_service=""mongodb-rate"")",sregym/conductor/problems/resource_request.py,ResourceRequestTooSmall,BARE_GENERIC,MitigationOracle,MitigationOracle(problem=self),"sregym/conductor/problems/resource_request.py:34 (inherited from ResourceRequest, resource_request.py:15)"
rolling_update_misconfigured_hotel_reservation,registry.py:194,"lambda: RollingUpdateMisconfigured(app_name=""hotel_reservation"")",sregym/conductor/problems/rolling_update_misconfigured.py,RollingUpdateMisconfigured,DEDICATED,RollingUpdateMitigationOracle,"RollingUpdateMitigationOracle(problem=self, deployment_name=self.faulty_service)",sregym/conductor/problems/rolling_update_misconfigured.py:38
rolling_update_misconfigured_social_network,registry.py:195,"lambda: RollingUpdateMisconfigured(app_name=""social_network"")",sregym/conductor/problems/rolling_update_misconfigured.py,RollingUpdateMisconfigured,DEDICATED,RollingUpdateMitigationOracle,"RollingUpdateMitigationOracle(problem=self, deployment_name=self.faulty_service)",sregym/conductor/problems/rolling_update_misconfigured.py:38
scale_pod_zero_social_net,registry.py:196,ScalePodSocialNet,sregym/conductor/problems/scale_pod.py,ScalePodSocialNet,DEDICATED,ScalePodZeroMitigationOracle,ScalePodZeroMitigationOracle(problem=self),sregym/conductor/problems/scale_pod.py:35
search_rate_retry_collapse_hotel_reservation,registry.py:151,SearchRateRetryCollapse,sregym/conductor/problems/search_rate_retry_collapse.py,SearchRateRetryCollapse,DEDICATED,SearchRateRetryMitigationOracle,SearchRateRetryMitigationOracle(problem=self),sregym/conductor/problems/search_rate_retry_collapse.py:82
secret_rotation_stale_env_credentials_astronomy_shop,registry.py:144,SecretRotationStaleEnvCredentialsAstronomyShop,sregym/conductor/problems/secret_rotation_stale_env_credentials.py,SecretRotationStaleEnvCredentialsAstronomyShop,DEDICATED,SecretRotationStaleEnvMitigation,SecretRotationStaleEnvMitigation(problem=self),sregym/conductor/problems/secret_rotation_stale_env_credentials.py:71
service_dns_resolution_failure_astronomy_shop,registry.py:197,"lambda: ServiceDNSResolutionFailure(app_name=""astronomy_shop"", faulty_service=""frontend"")",sregym/conductor/problems/service_dns_resolution_failure.py,ServiceDNSResolutionFailure,DEDICATED,DNSResolutionMitigationOracle,DNSResolutionMitigationOracle(problem=self),sregym/conductor/problems/service_dns_resolution_failure.py:43
service_dns_resolution_failure_social_network,registry.py:198,"lambda: ServiceDNSResolutionFailure(app_name=""social_network"", faulty_service=""user-service"")",sregym/conductor/problems/service_dns_resolution_failure.py,ServiceDNSResolutionFailure,DEDICATED,DNSResolutionMitigationOracle,DNSResolutionMitigationOracle(problem=self),sregym/conductor/problems/service_dns_resolution_failure.py:43
service_port_conflict_astronomy_shop,registry.py:202,"lambda: ServicePortConflict(app_name=""astronomy_shop"", faulty_service=""ad"")",sregym/conductor/problems/service_port_conflict.py,ServicePortConflict,BARE_GENERIC,MitigationOracle,MitigationOracle(problem=self),sregym/conductor/problems/service_port_conflict.py:51
service_port_conflict_hotel_reservation,registry.py:203,"lambda: ServicePortConflict(app_name=""hotel_reservation"", faulty_service=""recommendation"")",sregym/conductor/problems/service_port_conflict.py,ServicePortConflict,BARE_GENERIC,MitigationOracle,MitigationOracle(problem=self),sregym/conductor/problems/service_port_conflict.py:51
service_port_conflict_social_network,registry.py:204,"lambda: ServicePortConflict(app_name=""social_network"", faulty_service=""media-service"")",sregym/conductor/problems/service_port_conflict.py,ServicePortConflict,BARE_GENERIC,MitigationOracle,MitigationOracle(problem=self),sregym/conductor/problems/service_port_conflict.py:51
service_wrong_pod_selection_hotel_reservation,registry.py:213,ServiceWrongPodSelectionHotelReservation,sregym/conductor/problems/service_wrong_pod_selection_hotel_reservation.py,ServiceWrongPodSelectionHotelReservation,DEDICATED,WrongPodSelectionMitigationOracle,WrongPodSelectionMitigationOracle(problem=self),sregym/conductor/problems/service_wrong_pod_selection_hotel_reservation.py:40
sidecar_port_conflict_astronomy_shop,registry.py:199,"lambda: SidecarPortConflict(app_name=""astronomy_shop"", faulty_service=""frontend"")",sregym/conductor/problems/sidecar_port_conflict.py,SidecarPortConflict,BARE_GENERIC,MitigationOracle,MitigationOracle(problem=self),sregym/conductor/problems/sidecar_port_conflict.py:40
sidecar_port_conflict_hotel_reservation,registry.py:200,"lambda: SidecarPortConflict(app_name=""hotel_reservation"", faulty_service=""frontend"")",sregym/conductor/problems/sidecar_port_conflict.py,SidecarPortConflict,BARE_GENERIC,MitigationOracle,MitigationOracle(problem=self),sregym/conductor/problems/sidecar_port_conflict.py:40
sidecar_port_conflict_social_network,registry.py:201,"lambda: SidecarPortConflict(app_name=""social_network"", faulty_service=""user-service"")",sregym/conductor/problems/sidecar_port_conflict.py,SidecarPortConflict,BARE_GENERIC,MitigationOracle,MitigationOracle(problem=self),sregym/conductor/problems/sidecar_port_conflict.py:40
silent_data_corruption,registry.py:234,SilentDataCorruption,sregym/conductor/problems/silent_data_corruption.py,SilentDataCorruption,DEDICATED,AlertOracle,AlertOracle(problem=self),sregym/conductor/problems/silent_data_corruption.py:56
stale_coredns_config_astronomy_shop,registry.py:205,"lambda: StaleCoreDNSConfig(app_name=""astronomy_shop"")",sregym/conductor/problems/stale_coredns_config.py,StaleCoreDNSConfig,DEDICATED,DNSResolutionMitigationOracle,DNSResolutionMitigationOracle(problem=self),sregym/conductor/problems/stale_coredns_config.py:43
stale_coredns_config_social_network,registry.py:206,"lambda: StaleCoreDNSConfig(app_name=""social_network"")",sregym/conductor/problems/stale_coredns_config.py,StaleCoreDNSConfig,DEDICATED,DNSResolutionMitigationOracle,DNSResolutionMitigationOracle(problem=self),sregym/conductor/problems/stale_coredns_config.py:43
taint_no_toleration_social_network,registry.py:207,lambda: TaintNoToleration(),sregym/conductor/problems/taint_no_toleration.py,TaintNoToleration,BARE_GENERIC,MitigationOracle,MitigationOracle(problem=self),sregym/conductor/problems/taint_no_toleration.py:33
trainticket_f17_nested_sql_select_clause_error,registry.py:231,TrainTicketF17,sregym/conductor/problems/trainticket_f17.py,TrainTicketF17,COMPOUND,WorkloadOracle,"CompoundedOracle( self, WorkloadOracle(problem=self, wrk_manager=self.app.wrk), )",sregym/conductor/problems/trainticket_f17.py:34
trainticket_f22_sql_column_name_mismatch_error,registry.py:232,TrainTicketF22,sregym/conductor/problems/train_ticket_f22.py,TrainTicketF22,DEDICATED,AlertOracle,AlertOracle(problem=self),sregym/conductor/problems/train_ticket_f22.py:31
unschedulable_incorrect_port_assignment,registry.py:133,lambda: IncorrectPortAssignment(unschedulable=True),sregym/conductor/problems/incorrect_port_assignment.py,IncorrectPortAssignment,COMPOUND,IncorrectPortAssignmentMitigationOracle(require_source_ready=False);AssignNonExistentNodeMitigationOracle,"CompoundedOracle(self, IncorrectPortAssignmentMitigationOracle(require_source_ready=False), AssignNonExistentNodeMitigationOracle(problem=self))",sregym/conductor/problems/incorrect_port_assignment.py:58 (branch taken because registry.py:133 passes unschedulable=True; guard at :53)
update_incompatible_correlated,registry.py:128,UpdateIncompatibleCorrelated,sregym/conductor/problems/update_incompatible_correlated.py,UpdateIncompatibleCorrelated,DEDICATED,IncorrectImageMitigationOracle,"IncorrectImageMitigationOracle( problem=self, actual_images={service: ""mongo:8.0.14-rc0"" for service in self.faulty_service} )",sregym/conductor/problems/update_incompatible_correlated.py:34
valkey_auth_disruption,registry.py:140,ValkeyAuthDisruption,sregym/conductor/problems/valkey_auth_disruption.py,ValkeyAuthDisruption,DEDICATED,ValkeyAuthMitigation,ValkeyAuthMitigation(problem=self),sregym/conductor/problems/valkey_auth_disruption.py:26
valkey_memory_disruption,registry.py:141,ValkeyMemoryDisruption,sregym/conductor/problems/valkey_memory_disruption.py,ValkeyMemoryDisruption,DEDICATED,AlertOracle,AlertOracle(problem=self),sregym/conductor/problems/valkey_memory_disruption.py:26
workload_imbalance,registry.py:348,WorkloadImbalance,sregym/conductor/problems/workload_imbalance.py,WorkloadImbalance,DEDICATED,ImbalanceMitigationOracle,ImbalanceMitigationOracle(problem=self),sregym/conductor/problems/workload_imbalance.py:31
wrong_bin_usage,registry.py:209,WrongBinUsage,sregym/conductor/problems/wrong_bin_usage.py,WrongBinUsage,DEDICATED,WrongBinMitigationOracle,WrongBinMitigationOracle(problem=self),sregym/conductor/problems/wrong_bin_usage.py:34
wrong_dns_policy_astronomy_shop,registry.py:210,"lambda: WrongDNSPolicy(app_name=""astronomy_shop"", faulty_service=""frontend"")",sregym/conductor/problems/wrong_dns_policy.py,WrongDNSPolicy,DEDICATED,DNSResolutionMitigationOracle,DNSResolutionMitigationOracle(problem=self),sregym/conductor/problems/wrong_dns_policy.py:42
wrong_dns_policy_hotel_reservation,registry.py:211,"lambda: WrongDNSPolicy(app_name=""hotel_reservation"", faulty_service=""profile"")",sregym/conductor/problems/wrong_dns_policy.py,WrongDNSPolicy,DEDICATED,DNSResolutionMitigationOracle,DNSResolutionMitigationOracle(problem=self),sregym/conductor/problems/wrong_dns_policy.py:42
wrong_dns_policy_social_network,registry.py:212,"lambda: WrongDNSPolicy(app_name=""social_network"", faulty_service=""user-service"")",sregym/conductor/problems/wrong_dns_policy.py,WrongDNSPolicy,DEDICATED,DNSResolutionMitigationOracle,DNSResolutionMitigationOracle(problem=self),sregym/conductor/problems/wrong_dns_policy.py:42
wrong_service_selector_astronomy_shop,registry.py:214,"lambda: WrongServiceSelector(app_name=""astronomy_shop"", faulty_service=""frontend"")",sregym/conductor/problems/wrong_service_selector.py,WrongServiceSelector,DEDICATED,ServiceEndpointMitigationOracle,ServiceEndpointMitigationOracle(problem=self),sregym/conductor/problems/wrong_service_selector.py:42
wrong_service_selector_hotel_reservation,registry.py:215,"lambda: WrongServiceSelector(app_name=""hotel_reservation"", faulty_service=""frontend"")",sregym/conductor/problems/wrong_service_selector.py,WrongServiceSelector,DEDICATED,ServiceEndpointMitigationOracle,ServiceEndpointMitigationOracle(problem=self),sregym/conductor/problems/wrong_service_selector.py:42
wrong_service_selector_social_network,registry.py:216,"lambda: WrongServiceSelector(app_name=""social_network"", faulty_service=""user-service"")",sregym/conductor/problems/wrong_service_selector.py,WrongServiceSelector,DEDICATED,ServiceEndpointMitigationOracle,ServiceEndpointMitigationOracle(problem=self),sregym/conductor/problems/wrong_service_selector.py:42
