problem_id,problem_file,problem_class,injector,fault_types,injector_impl_cite,perturbed_kinds,restarts_pods,waits_stability,inject_cite
admission_webhook_outage_hotel_reservation,sregym/conductor/problems/admission_webhook_outage.py,AdmissionWebhookOutage,inline-in-problem,inline,sregym/conductor/problems/admission_webhook_outage.py:217-251,Pod;Webhook;container_cmd_env,False,True,sregym/conductor/problems/admission_webhook_outage.py:217-251
admission_webhook_tls_mismatch_hotel_reservation,sregym/conductor/problems/admission_webhook_tls_mismatch.py,AdmissionWebhookTLSMismatch,inline-in-problem,inline,sregym/conductor/problems/admission_webhook_tls_mismatch.py:377-411,Pod;ConfigMap;Secret;Webhook;container_cmd_env,False,False,sregym/conductor/problems/admission_webhook_tls_mismatch.py:377-411
assign_to_non_existent_node,sregym/conductor/problems/assign_non_existent_node.py,AssignNonExistentNode,VirtualizationFaultInjector,assign_to_non_existent_node,inject_assign_to_non_existent_node@inject_virtual.py:135-153,Deployment;Node,False,False,sregym/conductor/problems/assign_non_existent_node.py:36-44
astronomy_shop_ad_service_failure,sregym/conductor/problems/ad_service_failure.py,AdServiceFailure,OtelFaultInjector,inline,sregym/conductor/problems/ad_service_failure.py:38-41,ConfigMap,False,False,sregym/conductor/problems/ad_service_failure.py:38-41
astronomy_shop_ad_service_high_cpu,sregym/conductor/problems/ad_service_high_cpu.py,AdServiceHighCpu,OtelFaultInjector,inline,sregym/conductor/problems/ad_service_high_cpu.py:36-47,Deployment,False,False,sregym/conductor/problems/ad_service_high_cpu.py:36-47
astronomy_shop_ad_service_image_slow_load,sregym/conductor/problems/image_slow_load.py,ImageSlowLoad,OtelFaultInjector,inline,sregym/conductor/problems/image_slow_load.py:38-41,ConfigMap;container_cmd_env,False,False,sregym/conductor/problems/image_slow_load.py:38-41
astronomy_shop_ad_service_manual_gc,sregym/conductor/problems/ad_service_manual_gc.py,AdServiceManualGc,OtelFaultInjector,inline,sregym/conductor/problems/ad_service_manual_gc.py:39-42,ConfigMap,False,False,sregym/conductor/problems/ad_service_manual_gc.py:39-42
astronomy_shop_cart_service_failure,sregym/conductor/problems/cart_service_failure.py,CartServiceFailure,OtelFaultInjector,inline,sregym/conductor/problems/cart_service_failure.py:38-41,ConfigMap,False,False,sregym/conductor/problems/cart_service_failure.py:38-41
astronomy_shop_failed_readiness_probe,sregym/conductor/problems/failed_readiness_probe.py,FailedReadinessProbe,OtelFaultInjector,inline,sregym/conductor/problems/failed_readiness_probe.py:36-48,Deployment;ConfigMap,False,False,sregym/conductor/problems/failed_readiness_probe.py:36-48
astronomy_shop_payment_service_failure,sregym/conductor/problems/payment_service_failure.py,PaymentServiceFailure,OtelFaultInjector,inline,sregym/conductor/problems/payment_service_failure.py:37-40,ConfigMap,False,False,sregym/conductor/problems/payment_service_failure.py:37-40
astronomy_shop_payment_service_unreachable,sregym/conductor/problems/payment_service_unreachable.py,PaymentServiceUnreachable,OtelFaultInjector,inline,sregym/conductor/problems/payment_service_unreachable.py:38-41,ConfigMap,False,False,sregym/conductor/problems/payment_service_unreachable.py:38-41
astronomy_shop_product_catalog_service_failure,sregym/conductor/problems/product_catalog_failure.py,ProductCatalogServiceFailure,OtelFaultInjector,inline,sregym/conductor/problems/product_catalog_failure.py:37-40,ConfigMap,False,False,sregym/conductor/problems/product_catalog_failure.py:37-40
auth_miss_mongodb,sregym/conductor/problems/auth_miss_mongodb.py,MongoDBAuthMissing,VirtualizationFaultInjector,auth_miss_mongodb,inject_auth_miss_mongodb@inject_virtual.py:62-94,Deployment;container_cmd_env,False,False,sregym/conductor/problems/auth_miss_mongodb.py:33-40
calico_route_reflector_label_drift_hotel_reservation,sregym/conductor/problems/calico_route_reflector_label_drift.py,CalicoRouteReflectorLabelDriftHotelReservation,inline-in-problem,inline,sregym/conductor/problems/calico_route_reflector_label_drift.py:718-750,Deployment;ConfigMap;Node;container_cmd_env,False,True,sregym/conductor/problems/calico_route_reflector_label_drift.py:718-750
capacity_decrease_rpc_retry_storm,sregym/conductor/problems/capacity_decrease_rpc_retry_storm.py,CapacityDecreaseRPCRetryStorm,VirtualizationFaultInjector,inline,sregym/conductor/problems/capacity_decrease_rpc_retry_storm.py:33-54,Deployment;ConfigMap;ResourceQuota,False,False,sregym/conductor/problems/capacity_decrease_rpc_retry_storm.py:33-54
cfs_cpu_throttling_hotel_reservation,sregym/conductor/problems/cpu_throttling.py,CpuThrottling,VirtualizationFaultInjector,inline,sregym/conductor/problems/cpu_throttling.py:58-76,UNCERTAIN,False,False,sregym/conductor/problems/cpu_throttling.py:58-76
configmap_drift_hotel_reservation,sregym/conductor/problems/configmap_drift.py,ConfigMapDrift,VirtualizationFaultInjector,inline,sregym/conductor/problems/configmap_drift.py:61-67,ConfigMap,False,False,sregym/conductor/problems/configmap_drift.py:61-67
cronjob_sidecar_blocks_completion_hotel_reservation,sregym/conductor/problems/cronjob_sidecar_blocks_completion.py,CronJobSidecarBlocksCompletionHotelReservation,inline-in-problem,inline,sregym/conductor/problems/cronjob_sidecar_blocks_completion.py:171-220,Job/CronJob;container_cmd_env,False,False,sregym/conductor/problems/cronjob_sidecar_blocks_completion.py:171-220
cumulative_admission_webhook_timeout_hotel_reservation,sregym/conductor/problems/cumulative_admission_webhook_timeout_hotel_reservation.py,CumulativeAdmissionWebhookTimeoutHotelReservation,inline-in-problem,inline,sregym/conductor/problems/cumulative_admission_webhook_timeout_hotel_reservation.py:490-581,Service;Pod;ConfigMap;Secret;NetworkPolicy;Node;Ingress;Webhook;container_cmd_env,False,False,sregym/conductor/problems/cumulative_admission_webhook_timeout_hotel_reservation.py:490-581
dev_shm_exhaustion_hotel_reservation,sregym/conductor/problems/dev_shm_exhaustion_hotel_reservation.py,DevShmExhaustionHotelReservation,inline-in-problem,inline,sregym/conductor/problems/dev_shm_exhaustion_hotel_reservation.py:56-61,Deployment;RBAC;container_cmd_env,False,False,sregym/conductor/problems/dev_shm_exhaustion_hotel_reservation.py:56-61
duplicate_pvc_mounts_astronomy_shop,sregym/conductor/problems/duplicate_pvc_mounts.py,DuplicatePVCMounts,VirtualizationFaultInjector,duplicate_pvc_mounts,inject_duplicate_pvc_mounts@inject_virtual.py:1691-1780,Deployment;PVC/PV,False,False,sregym/conductor/problems/duplicate_pvc_mounts.py:43-50
duplicate_pvc_mounts_hotel_reservation,sregym/conductor/problems/duplicate_pvc_mounts.py,DuplicatePVCMounts,VirtualizationFaultInjector,duplicate_pvc_mounts,inject_duplicate_pvc_mounts@inject_virtual.py:1691-1780,Deployment;PVC/PV,False,False,sregym/conductor/problems/duplicate_pvc_mounts.py:43-50
duplicate_pvc_mounts_social_network,sregym/conductor/problems/duplicate_pvc_mounts.py,DuplicatePVCMounts,VirtualizationFaultInjector,duplicate_pvc_mounts,inject_duplicate_pvc_mounts@inject_virtual.py:1691-1780,Deployment;PVC/PV,False,False,sregym/conductor/problems/duplicate_pvc_mounts.py:43-50
edge_request_filter_cpu_saturation,sregym/conductor/problems/edge_request_filter_cpu_saturation.py,EdgeRequestFilterCPUSaturation,inline-in-problem,inline,sregym/conductor/problems/edge_request_filter_cpu_saturation.py:270-279,Deployment,False,True,sregym/conductor/problems/edge_request_filter_cpu_saturation.py:270-279
env_variable_shadowing_astronomy_shop,sregym/conductor/problems/env_variable_shadowing.py,EnvVariableShadowing,inline-in-problem,inline,sregym/conductor/problems/env_variable_shadowing.py:89-94,Deployment;container_cmd_env,False,False,sregym/conductor/problems/env_variable_shadowing.py:89-94
ephemeral_port_range_hotel_reservation,sregym/conductor/problems/ephemeral_port_range_hotel_reservation.py,EphemeralPortRangeHotelReservation,inline-in-problem,inline,sregym/conductor/problems/ephemeral_port_range_hotel_reservation.py:96-99,UNCERTAIN,False,False,sregym/conductor/problems/ephemeral_port_range_hotel_reservation.py:96-99
expired_tls_hotel_reservation,sregym/conductor/problems/expired_tls_hotel_reservation.py,ExpiredTlsHotelReservation,inline-in-problem,inline,sregym/conductor/problems/expired_tls_hotel_reservation.py:58-81,Secret;Ingress,False,False,sregym/conductor/problems/expired_tls_hotel_reservation.py:58-81
faulty_image_correlated,sregym/conductor/problems/faulty_image_correlated.py,FaultyImageCorrelated,ApplicationFaultInjector,inline,sregym/conductor/problems/faulty_image_correlated.py:36-43,container_cmd_env,False,False,sregym/conductor/problems/faulty_image_correlated.py:36-43
feature_flag_latent_bug_hotel_reservation,sregym/conductor/problems/feature_flag_latent_bug_hotel_reservation.py,FeatureFlagLatentBugHotelReservation,ApplicationFaultInjector,inline,sregym/conductor/problems/feature_flag_latent_bug_hotel_reservation.py:71-86,ConfigMap;container_cmd_env,False,False,sregym/conductor/problems/feature_flag_latent_bug_hotel_reservation.py:71-86
file_descriptor_exhaustion,sregym/conductor/problems/file_descriptor_exhaustion.py,FileDescriptorExhaustion,VirtualizationFaultInjector,inline,sregym/conductor/problems/file_descriptor_exhaustion.py:143-162,UNCERTAIN,False,False,sregym/conductor/problems/file_descriptor_exhaustion.py:143-162
finalizer_deadlock_controller_hotel_reservation,sregym/conductor/problems/finalizer_deadlock_controller.py,FinalizerDeadlockController,inline-in-problem,inline,sregym/conductor/problems/finalizer_deadlock_controller.py:89-117,Service;Deployment;ConfigMap;RBAC;container_cmd_env,False,False,sregym/conductor/problems/finalizer_deadlock_controller.py:89-117
gc_capacity_degradation,sregym/conductor/problems/gc_capacity_degradation.py,GCCapacityDegradation,VirtualizationFaultInjector,inline,sregym/conductor/problems/gc_capacity_degradation.py:66-73,ResourceQuota,False,False,sregym/conductor/problems/gc_capacity_degradation.py:66-73
hpa_missing_effective_cpu_request_hotel_reservation,sregym/conductor/problems/hpa_missing_effective_cpu_request.py,HPAMissingEffectiveCPURequest,inline-in-problem,inline,sregym/conductor/problems/hpa_missing_effective_cpu_request.py:74-93,Deployment;ResourceQuota,False,False,sregym/conductor/problems/hpa_missing_effective_cpu_request.py:74-93
incorrect_image,sregym/conductor/problems/incorrect_image.py,IncorrectImage,ApplicationFaultInjector,inline,sregym/conductor/problems/incorrect_image.py:34-40,container_cmd_env,False,False,sregym/conductor/problems/incorrect_image.py:34-40
incorrect_port_assignment,sregym/conductor/problems/incorrect_port_assignment.py,IncorrectPortAssignment,ApplicationFaultInjector;VirtualizationFaultInjector,assign_to_non_existent_node,inject_assign_to_non_existent_node@inject_virtual.py:135-153,Deployment;Node,False,False,sregym/conductor/problems/incorrect_port_assignment.py:63-86
ingress_misroute,sregym/conductor/problems/ingress_misroute.py,IngressMisroute,inline-in-problem,inline,sregym/conductor/problems/ingress_misroute.py:58-106,Service;Ingress,False,False,sregym/conductor/problems/ingress_misroute.py:58-106
init_container_dependency_hang_astronomy_shop,sregym/conductor/problems/init_container_dependency_hang.py,InitContainerDependencyHang,VirtualizationFaultInjector,inline,sregym/conductor/problems/init_container_dependency_hang.py:94-98,UNCERTAIN,False,False,sregym/conductor/problems/init_container_dependency_hang.py:94-98
init_container_dependency_hang_hotel_reservation,sregym/conductor/problems/init_container_dependency_hang.py,InitContainerDependencyHang,VirtualizationFaultInjector,inline,sregym/conductor/problems/init_container_dependency_hang.py:94-98,UNCERTAIN,False,False,sregym/conductor/problems/init_container_dependency_hang.py:94-98
init_container_dependency_hang_social_network,sregym/conductor/problems/init_container_dependency_hang.py,InitContainerDependencyHang,VirtualizationFaultInjector,inline,sregym/conductor/problems/init_container_dependency_hang.py:94-98,UNCERTAIN,False,False,sregym/conductor/problems/init_container_dependency_hang.py:94-98
internal_traffic_policy_local_astronomy_shop,sregym/conductor/problems/internal_traffic_policy_local.py,InternalTrafficPolicyLocalAstronomyShop,inline-in-problem,inline,sregym/conductor/problems/internal_traffic_policy_local.py:185-206,Deployment;Node,False,True,sregym/conductor/problems/internal_traffic_policy_local.py:185-206
kafka_poison_pill_hol_block,sregym/conductor/problems/kafka_poison_pill_hol_block.py,KafkaPoisonPillHOLBlock,KafkaFaultInjector,inline,sregym/conductor/problems/kafka_poison_pill_hol_block.py:53-59,UNCERTAIN,False,False,sregym/conductor/problems/kafka_poison_pill_hol_block.py:53-59
kafka_producer_leak,sregym/conductor/problems/kafka_producer_leak.py,KafkaProducerLeak,ApplicationFaultInjector,inline,sregym/conductor/problems/kafka_producer_leak.py:35-39,UNCERTAIN,False,False,sregym/conductor/problems/kafka_producer_leak.py:35-39
kafka_queue_problems,sregym/conductor/problems/kafka_queue_problems.py,KafkaQueueProblems,OtelFaultInjector,inline,sregym/conductor/problems/kafka_queue_problems.py:38-41,ConfigMap,False,False,sregym/conductor/problems/kafka_queue_problems.py:38-41
kubelet_crash,sregym/conductor/problems/kubelet_crash.py,KubeletCrash,RemoteOSFaultInjector,inline,sregym/conductor/problems/kubelet_crash.py:33-39,UNCERTAIN,False,True,sregym/conductor/problems/kubelet_crash.py:33-39
kubelet_eviction_threshold_misconfig,sregym/conductor/problems/kubelet_eviction_threshold_misconfig.py,KubeletEvictionThresholdMisconfig,RemoteOSFaultInjector,inline,sregym/conductor/problems/kubelet_eviction_threshold_misconfig.py:56-65,Deployment;Node,False,False,sregym/conductor/problems/kubelet_eviction_threshold_misconfig.py:56-65
latent_sector_error,sregym/conductor/problems/khaos_faults.py,KhaosFaultProblem,HWFaultInjector;KernelInjector;KhaosFaultName;KhaosFaultProblem,inline,sregym/conductor/problems/khaos_faults.py:241-270,UNCERTAIN,False,False,sregym/conductor/problems/khaos_faults.py:241-270
liveness_probe_misconfiguration_astronomy_shop,sregym/conductor/problems/liveness_probe_misconfiguration.py,LivenessProbeMisconfiguration,VirtualizationFaultInjector,liveness_probe_misconfiguration,inject_liveness_probe_misconfiguration@inject_virtual.py:1581-1615,Deployment,False,False,sregym/conductor/problems/liveness_probe_misconfiguration.py:51-57
liveness_probe_misconfiguration_hotel_reservation,sregym/conductor/problems/liveness_probe_misconfiguration.py,LivenessProbeMisconfiguration,VirtualizationFaultInjector,liveness_probe_misconfiguration,inject_liveness_probe_misconfiguration@inject_virtual.py:1581-1615,Deployment,False,False,sregym/conductor/problems/liveness_probe_misconfiguration.py:51-57
liveness_probe_misconfiguration_social_network,sregym/conductor/problems/liveness_probe_misconfiguration.py,LivenessProbeMisconfiguration,VirtualizationFaultInjector,liveness_probe_misconfiguration,inject_liveness_probe_misconfiguration@inject_virtual.py:1581-1615,Deployment,False,False,sregym/conductor/problems/liveness_probe_misconfiguration.py:51-57
liveness_probe_too_aggressive_astronomy_shop,sregym/conductor/problems/liveness_probe_too_aggressive.py,LivenessProbeTooAggressive,VirtualizationFaultInjector,inline,sregym/conductor/problems/liveness_probe_too_aggressive.py:47-50,UNCERTAIN,False,False,sregym/conductor/problems/liveness_probe_too_aggressive.py:47-50
liveness_probe_too_aggressive_hotel_reservation,sregym/conductor/problems/liveness_probe_too_aggressive.py,LivenessProbeTooAggressive,VirtualizationFaultInjector,inline,sregym/conductor/problems/liveness_probe_too_aggressive.py:47-50,UNCERTAIN,False,False,sregym/conductor/problems/liveness_probe_too_aggressive.py:47-50
liveness_probe_too_aggressive_social_network,sregym/conductor/problems/liveness_probe_too_aggressive.py,LivenessProbeTooAggressive,VirtualizationFaultInjector,inline,sregym/conductor/problems/liveness_probe_too_aggressive.py:47-50,UNCERTAIN,False,False,sregym/conductor/problems/liveness_probe_too_aggressive.py:47-50
load_spike_rpc_retry_storm,sregym/conductor/problems/load_spike_rpc_retry_storm.py,LoadSpikeRPCRetryStorm,VirtualizationFaultInjector,inline,sregym/conductor/problems/load_spike_rpc_retry_storm.py:44-61,Deployment;ConfigMap,False,False,sregym/conductor/problems/load_spike_rpc_retry_storm.py:44-61
loadgenerator_flood_homepage,sregym/conductor/problems/loadgenerator_flood_homepage.py,LoadGeneratorFloodHomepage,OtelFaultInjector,inline,sregym/conductor/problems/loadgenerator_flood_homepage.py:39-42,ConfigMap,False,False,sregym/conductor/problems/loadgenerator_flood_homepage.py:39-42
misconfig_app_hotel_res,sregym/conductor/problems/misconfig_app.py,MisconfigAppHotelRes,ApplicationFaultInjector,misconfig_app,sregym/conductor/problems/misconfig_app.py:34-41,container_cmd_env,False,False,sregym/conductor/problems/misconfig_app.py:34-41
missing_configmap_hotel_reservation,sregym/conductor/problems/missing_configmap.py,MissingConfigMap,VirtualizationFaultInjector,missing_configmap,inject_missing_configmap@inject_virtual.py:1387-1414,ConfigMap;Deployment,False,False,sregym/conductor/problems/missing_configmap.py:42-47
missing_configmap_social_network,sregym/conductor/problems/missing_configmap.py,MissingConfigMap,VirtualizationFaultInjector,missing_configmap,inject_missing_configmap@inject_virtual.py:1387-1414,ConfigMap;Deployment,False,False,sregym/conductor/problems/missing_configmap.py:42-47
missing_env_variable_astronomy_shop,sregym/conductor/problems/missing_env_variable.py,MissingEnvVariable,ApplicationFaultInjector,inline,sregym/conductor/problems/missing_env_variable.py:38-46,UNCERTAIN,False,False,sregym/conductor/problems/missing_env_variable.py:38-46
missing_service_astronomy_shop,sregym/conductor/problems/missing_service.py,MissingService,VirtualizationFaultInjector,missing_service,inject_missing_service@inject_virtual.py:295-308,Pod;Service,True,True,sregym/conductor/problems/missing_service.py:43-50
missing_service_hotel_reservation,sregym/conductor/problems/missing_service.py,MissingService,VirtualizationFaultInjector,missing_service,inject_missing_service@inject_virtual.py:295-308,Pod;Service,True,True,sregym/conductor/problems/missing_service.py:43-50
missing_service_social_network,sregym/conductor/problems/missing_service.py,MissingService,VirtualizationFaultInjector,missing_service,inject_missing_service@inject_virtual.py:295-308,Pod;Service,True,True,sregym/conductor/problems/missing_service.py:43-50
mutating_webhook_resource_limits_social_network,sregym/conductor/problems/mutating_webhook_resource_limits.py,MutatingWebhookResourceLimits,inline-in-problem,inline,sregym/conductor/problems/mutating_webhook_resource_limits.py:654-707,Pod;ConfigMap;Secret;Webhook;container_cmd_env,False,False,sregym/conductor/problems/mutating_webhook_resource_limits.py:654-707
namespace_memory_limit,sregym/conductor/problems/namespace_memory_limit.py,NamespaceMemoryLimit,inline-in-problem,inline,sregym/conductor/problems/namespace_memory_limit.py:176-185,ResourceQuota,False,True,sregym/conductor/problems/namespace_memory_limit.py:176-185
network_policy_block,sregym/conductor/problems/network_policy_block.py,NetworkPolicyBlock,inline-in-problem,inline,sregym/conductor/problems/network_policy_block.py:44-57,NetworkPolicy;Ingress,False,False,sregym/conductor/problems/network_policy_block.py:44-57
nightly_rebalance_oom_hotel_reservation,sregym/conductor/problems/nightly_rebalance_oom.py,NightlyRebalanceOOM,inline-in-problem,inline,sregym/conductor/problems/nightly_rebalance_oom.py:56-73,Service;ConfigMap;Job/CronJob;RBAC;container_cmd_env,False,False,sregym/conductor/problems/nightly_rebalance_oom.py:56-73
node_clock_drift_hotel_reservation,sregym/conductor/problems/node_clock_drift.py,NodeClockDriftHotelReservation,inline-in-problem,inline,sregym/conductor/problems/node_clock_drift.py:301-315,Pod;ConfigMap;Secret;Node;RBAC;container_cmd_env,False,False,sregym/conductor/problems/node_clock_drift.py:301-315
node_conntrack_exhaustion_hotel_reservation,sregym/conductor/problems/node_conntrack_exhaustion.py,NodeConntrackExhaustionHotelReservation,inline-in-problem,inline,sregym/conductor/problems/node_conntrack_exhaustion.py:50-72,Service;Deployment;Node;RBAC;container_cmd_env;iptables/net,False,False,sregym/conductor/problems/node_conntrack_exhaustion.py:50-72
operator_invalid_affinity_toleration,sregym/conductor/problems/operator_misoperation/invalid_affinity_toleration.py,K8SOperatorInvalidAffinityTolerationFault,K8SOperatorFaultInjector,inline,sregym/conductor/problems/operator_misoperation/invalid_affinity_toleration.py:33-37,CRD/Operator,False,False,sregym/conductor/problems/operator_misoperation/invalid_affinity_toleration.py:33-37
operator_non_existent_storage,sregym/conductor/problems/operator_misoperation/non_existent_storage.py,K8SOperatorNonExistentStorageFault,K8SOperatorFaultInjector,inline,sregym/conductor/problems/operator_misoperation/non_existent_storage.py:34-38,PVC/PV;CRD/Operator,False,False,sregym/conductor/problems/operator_misoperation/non_existent_storage.py:34-38
operator_overload_replicas,sregym/conductor/problems/operator_misoperation/overload_replicas.py,K8SOperatorOverloadReplicasFault,K8SOperatorFaultInjector,inline,sregym/conductor/problems/operator_misoperation/overload_replicas.py:35-39,CRD/Operator,False,False,sregym/conductor/problems/operator_misoperation/overload_replicas.py:35-39
operator_security_context_fault,sregym/conductor/problems/operator_misoperation/security_context_fault.py,K8SOperatorSecurityContextFault,K8SOperatorFaultInjector,inline,sregym/conductor/problems/operator_misoperation/security_context_fault.py:32-35,CRD/Operator,False,False,sregym/conductor/problems/operator_misoperation/security_context_fault.py:32-35
operator_wrong_operator_image,sregym/conductor/problems/operator_misoperation/wrong_operator_image.py,K8SOperatorWrongOperatorImage,K8SOperatorFaultInjector,inline,sregym/conductor/problems/operator_misoperation/wrong_operator_image.py:34-37,container_cmd_env,False,False,sregym/conductor/problems/operator_misoperation/wrong_operator_image.py:34-37
operator_wrong_update_strategy_fault,sregym/conductor/problems/operator_misoperation/wrong_update_strategy.py,K8SOperatorWrongUpdateStrategyFault,K8SOperatorFaultInjector,inline,sregym/conductor/problems/operator_misoperation/wrong_update_strategy.py:34-37,CRD/Operator,False,False,sregym/conductor/problems/operator_misoperation/wrong_update_strategy.py:34-37
persistent_volume_affinity_violation,sregym/conductor/problems/persistent_volume_affinity_violation.py,PersistentVolumeAffinityViolation,VirtualizationFaultInjector,persistent_volume_affinity_violation,inject_persistent_volume_affinity_violation@inject_virtual.py:2132-2234,Deployment;Node;PVC/PV,False,False,sregym/conductor/problems/persistent_volume_affinity_violation.py:34-45
pod_anti_affinity_deadlock,sregym/conductor/problems/pod_anti_affinity_deadlock.py,PodAntiAffinityDeadlock,VirtualizationFaultInjector,pod_anti_affinity_deadlock,inject_pod_anti_affinity_deadlock@inject_virtual.py:2260-2305,Deployment,False,False,sregym/conductor/problems/pod_anti_affinity_deadlock.py:38-54
pod_cidr_exhaustion_hotel_reservation,sregym/conductor/problems/pod_cidr_exhaustion_hotel_reservation.py,PodCIDRExhaustionHotelReservation,inline-in-problem,inline,sregym/conductor/problems/pod_cidr_exhaustion_hotel_reservation.py:70-146,Deployment;Pod;container_cmd_env,True,True,sregym/conductor/problems/pod_cidr_exhaustion_hotel_reservation.py:70-146
postgres_lock_contention_product_catalog,sregym/conductor/problems/postgres_lock_contention_product_catalog.py,PostgresLockContentionProductCatalog,inline-in-problem,inline,sregym/conductor/problems/postgres_lock_contention_product_catalog.py:75-97,UNCERTAIN,False,False,sregym/conductor/problems/postgres_lock_contention_product_catalog.py:75-97
priority_preemption_cascade_hotel_reservation,sregym/conductor/problems/priority_preemption_cascade.py,PriorityPreemptionCascadeHotelReservation,inline-in-problem,inline,sregym/conductor/problems/priority_preemption_cascade.py:741-805,Deployment;Node;container_cmd_env,False,False,sregym/conductor/problems/priority_preemption_cascade.py:741-805
psa_restricted_blocks_recreation_hotel_reservation,sregym/conductor/problems/psa_restricted_blocks_recreation.py,PSARestrictedBlocksRecreation,inline-in-problem,inline,sregym/conductor/problems/psa_restricted_blocks_recreation.py:113-138,Pod;Webhook;container_cmd_env,False,False,sregym/conductor/problems/psa_restricted_blocks_recreation.py:113-138
pvc_claim_mismatch,sregym/conductor/problems/pvc_claim_mismatch.py,PVCClaimMismatch,VirtualizationFaultInjector,inline,sregym/conductor/problems/pvc_claim_mismatch.py:46-48,PVC/PV,False,False,sregym/conductor/problems/pvc_claim_mismatch.py:46-48
rbac_misconfiguration,sregym/conductor/problems/rbac_misconfiguration.py,RBACMisconfiguration,VirtualizationFaultInjector,rbac_misconfiguration,inject_rbac_misconfiguration@inject_virtual.py:2394-2463,ConfigMap;Deployment;RBAC;container_cmd_env,False,False,sregym/conductor/problems/rbac_misconfiguration.py:34-38
readiness_probe_misconfiguration_astronomy_shop,sregym/conductor/problems/readiness_probe_misconfiguration.py,ReadinessProbeMisconfiguration,VirtualizationFaultInjector,readiness_probe_misconfiguration,inject_readiness_probe_misconfiguration@inject_virtual.py:1530-1562,Deployment,False,False,sregym/conductor/problems/readiness_probe_misconfiguration.py:45-52
readiness_probe_misconfiguration_hotel_reservation,sregym/conductor/problems/readiness_probe_misconfiguration.py,ReadinessProbeMisconfiguration,VirtualizationFaultInjector,readiness_probe_misconfiguration,inject_readiness_probe_misconfiguration@inject_virtual.py:1530-1562,Deployment,False,False,sregym/conductor/problems/readiness_probe_misconfiguration.py:45-52
readiness_probe_misconfiguration_social_network,sregym/conductor/problems/readiness_probe_misconfiguration.py,ReadinessProbeMisconfiguration,VirtualizationFaultInjector,readiness_probe_misconfiguration,inject_readiness_probe_misconfiguration@inject_virtual.py:1530-1562,Deployment,False,False,sregym/conductor/problems/readiness_probe_misconfiguration.py:45-52
resource_request_too_large,sregym/conductor/problems/resource_request.py,ResourceRequestTooLarge,inline-in-problem,inline,sregym/conductor/problems/resource_request.py:37-45,UNCERTAIN,False,False,sregym/conductor/problems/resource_request.py:37-45
resource_request_too_small,sregym/conductor/problems/resource_request.py,ResourceRequestTooSmall,inline-in-problem,inline,sregym/conductor/problems/resource_request.py:37-45,UNCERTAIN,False,False,sregym/conductor/problems/resource_request.py:37-45
rolling_update_misconfigured_hotel_reservation,sregym/conductor/problems/rolling_update_misconfigured.py,RollingUpdateMisconfigured,VirtualizationFaultInjector,rolling_update_misconfigured,inject_rolling_update_misconfigured@inject_virtual.py:1921-1985,Deployment;Node;container_cmd_env,False,False,sregym/conductor/problems/rolling_update_misconfigured.py:41-46
rolling_update_misconfigured_social_network,sregym/conductor/problems/rolling_update_misconfigured.py,RollingUpdateMisconfigured,VirtualizationFaultInjector,rolling_update_misconfigured,inject_rolling_update_misconfigured@inject_virtual.py:1921-1985,Deployment;Node;container_cmd_env,False,False,sregym/conductor/problems/rolling_update_misconfigured.py:41-46
scale_pod_zero_social_net,sregym/conductor/problems/scale_pod.py,ScalePodSocialNet,VirtualizationFaultInjector,scale_pods_to_zero,inject_scale_pods_to_zero@inject_virtual.py:123-128,Deployment,False,False,sregym/conductor/problems/scale_pod.py:38-47
search_rate_retry_collapse_hotel_reservation,sregym/conductor/problems/search_rate_retry_collapse.py,SearchRateRetryCollapse,inline-in-problem,inline,sregym/conductor/problems/search_rate_retry_collapse.py:235-251,container_cmd_env,False,True,sregym/conductor/problems/search_rate_retry_collapse.py:235-251
secret_rotation_stale_env_credentials_astronomy_shop,sregym/conductor/problems/secret_rotation_stale_env_credentials.py,SecretRotationStaleEnvCredentialsAstronomyShop,inline-in-problem,inline,sregym/conductor/problems/secret_rotation_stale_env_credentials.py:331-385,Deployment;ConfigMap;Secret,False,False,sregym/conductor/problems/secret_rotation_stale_env_credentials.py:331-385
service_dns_resolution_failure_astronomy_shop,sregym/conductor/problems/service_dns_resolution_failure.py,ServiceDNSResolutionFailure,VirtualizationFaultInjector,service_dns_resolution_failure,inject_service_dns_resolution_failure@inject_virtual.py:910-971,ConfigMap,False,False,sregym/conductor/problems/service_dns_resolution_failure.py:46-53
service_dns_resolution_failure_social_network,sregym/conductor/problems/service_dns_resolution_failure.py,ServiceDNSResolutionFailure,VirtualizationFaultInjector,service_dns_resolution_failure,inject_service_dns_resolution_failure@inject_virtual.py:910-971,ConfigMap,False,False,sregym/conductor/problems/service_dns_resolution_failure.py:46-53
service_port_conflict_astronomy_shop,sregym/conductor/problems/service_port_conflict.py,ServicePortConflict,VirtualizationFaultInjector,inline,sregym/conductor/problems/service_port_conflict.py:54-61,UNCERTAIN,False,False,sregym/conductor/problems/service_port_conflict.py:54-61
service_port_conflict_hotel_reservation,sregym/conductor/problems/service_port_conflict.py,ServicePortConflict,VirtualizationFaultInjector,inline,sregym/conductor/problems/service_port_conflict.py:54-61,UNCERTAIN,False,False,sregym/conductor/problems/service_port_conflict.py:54-61
service_port_conflict_social_network,sregym/conductor/problems/service_port_conflict.py,ServicePortConflict,VirtualizationFaultInjector,inline,sregym/conductor/problems/service_port_conflict.py:54-61,UNCERTAIN,False,False,sregym/conductor/problems/service_port_conflict.py:54-61
service_wrong_pod_selection_hotel_reservation,sregym/conductor/problems/service_wrong_pod_selection_hotel_reservation.py,ServiceWrongPodSelectionHotelReservation,VirtualizationFaultInjector,service_wrong_pod_selection,inject_service_wrong_pod_selection@inject_virtual.py:835-874,UNCERTAIN,False,False,sregym/conductor/problems/service_wrong_pod_selection_hotel_reservation.py:43-54
sidecar_port_conflict_astronomy_shop,sregym/conductor/problems/sidecar_port_conflict.py,SidecarPortConflict,VirtualizationFaultInjector,sidecar_port_conflict,inject_sidecar_port_conflict@inject_virtual.py:1267-1315,Deployment;container_cmd_env,False,True,sregym/conductor/problems/sidecar_port_conflict.py:43-50
sidecar_port_conflict_hotel_reservation,sregym/conductor/problems/sidecar_port_conflict.py,SidecarPortConflict,VirtualizationFaultInjector,sidecar_port_conflict,inject_sidecar_port_conflict@inject_virtual.py:1267-1315,Deployment;container_cmd_env,False,True,sregym/conductor/problems/sidecar_port_conflict.py:43-50
sidecar_port_conflict_social_network,sregym/conductor/problems/sidecar_port_conflict.py,SidecarPortConflict,VirtualizationFaultInjector,sidecar_port_conflict,inject_sidecar_port_conflict@inject_virtual.py:1267-1315,Deployment;container_cmd_env,False,True,sregym/conductor/problems/sidecar_port_conflict.py:43-50
silent_data_corruption,sregym/conductor/problems/silent_data_corruption.py,SilentDataCorruption,KernelInjector,inline,sregym/conductor/problems/silent_data_corruption.py:172-225,PVC/PV,False,False,sregym/conductor/problems/silent_data_corruption.py:172-225
stale_coredns_config_astronomy_shop,sregym/conductor/problems/stale_coredns_config.py,StaleCoreDNSConfig,VirtualizationFaultInjector,stale_coredns_config,inject_stale_coredns_config@inject_virtual.py:1074-1127,ConfigMap,False,False,sregym/conductor/problems/stale_coredns_config.py:46-53
stale_coredns_config_social_network,sregym/conductor/problems/stale_coredns_config.py,StaleCoreDNSConfig,VirtualizationFaultInjector,stale_coredns_config,inject_stale_coredns_config@inject_virtual.py:1074-1127,ConfigMap,False,False,sregym/conductor/problems/stale_coredns_config.py:46-53
taint_no_toleration_social_network,sregym/conductor/problems/taint_no_toleration.py,TaintNoToleration,VirtualizationFaultInjector,inline,sregym/conductor/problems/taint_no_toleration.py:43-53,Deployment;Pod;Node,False,True,sregym/conductor/problems/taint_no_toleration.py:43-53
trainticket_f17_nested_sql_select_clause_error,sregym/conductor/problems/trainticket_f17.py,TrainTicketF17,TrainTicketFaultInjector,inline,sregym/conductor/problems/trainticket_f17.py:40-46,UNCERTAIN,False,False,sregym/conductor/problems/trainticket_f17.py:40-46
trainticket_f22_sql_column_name_mismatch_error,sregym/conductor/problems/train_ticket_f22.py,TrainTicketF22,TrainTicketFaultInjector,inline,sregym/conductor/problems/train_ticket_f22.py:36-42,UNCERTAIN,False,False,sregym/conductor/problems/train_ticket_f22.py:36-42
unschedulable_incorrect_port_assignment,sregym/conductor/problems/incorrect_port_assignment.py,IncorrectPortAssignment,ApplicationFaultInjector;VirtualizationFaultInjector,assign_to_non_existent_node,inject_assign_to_non_existent_node@inject_virtual.py:135-153,Deployment;Node,False,False,sregym/conductor/problems/incorrect_port_assignment.py:63-86
update_incompatible_correlated,sregym/conductor/problems/update_incompatible_correlated.py,UpdateIncompatibleCorrelated,ApplicationFaultInjector,inline,sregym/conductor/problems/update_incompatible_correlated.py:41-48,container_cmd_env,False,False,sregym/conductor/problems/update_incompatible_correlated.py:41-48
valkey_auth_disruption,sregym/conductor/problems/valkey_auth_disruption.py,ValkeyAuthDisruption,ApplicationFaultInjector,valkey_auth_disruption,sregym/conductor/problems/valkey_auth_disruption.py:31-34,UNCERTAIN,False,False,sregym/conductor/problems/valkey_auth_disruption.py:31-34
valkey_memory_disruption,sregym/conductor/problems/valkey_memory_disruption.py,ValkeyMemoryDisruption,ApplicationFaultInjector,valkey_memory_disruption,sregym/conductor/problems/valkey_memory_disruption.py:31-34,UNCERTAIN,False,False,sregym/conductor/problems/valkey_memory_disruption.py:31-34
workload_imbalance,sregym/conductor/problems/workload_imbalance.py,WorkloadImbalance,VirtualizationFaultInjector,inline,sregym/conductor/problems/workload_imbalance.py:36-49,container_cmd_env,False,True,sregym/conductor/problems/workload_imbalance.py:36-49
wrong_bin_usage,sregym/conductor/problems/wrong_bin_usage.py,WrongBinUsage,VirtualizationFaultInjector,wrong_bin_usage,inject_wrong_bin_usage@inject_virtual.py:253-274,Deployment;container_cmd_env,False,False,sregym/conductor/problems/wrong_bin_usage.py:37-44
wrong_dns_policy_astronomy_shop,sregym/conductor/problems/wrong_dns_policy.py,WrongDNSPolicy,VirtualizationFaultInjector,wrong_dns_policy,inject_wrong_dns_policy@inject_virtual.py:1036-1054,Deployment,False,False,sregym/conductor/problems/wrong_dns_policy.py:45-52
wrong_dns_policy_hotel_reservation,sregym/conductor/problems/wrong_dns_policy.py,WrongDNSPolicy,VirtualizationFaultInjector,wrong_dns_policy,inject_wrong_dns_policy@inject_virtual.py:1036-1054,Deployment,False,False,sregym/conductor/problems/wrong_dns_policy.py:45-52
wrong_dns_policy_social_network,sregym/conductor/problems/wrong_dns_policy.py,WrongDNSPolicy,VirtualizationFaultInjector,wrong_dns_policy,inject_wrong_dns_policy@inject_virtual.py:1036-1054,Deployment,False,False,sregym/conductor/problems/wrong_dns_policy.py:45-52
wrong_service_selector_astronomy_shop,sregym/conductor/problems/wrong_service_selector.py,WrongServiceSelector,VirtualizationFaultInjector,wrong_service_selector,inject_wrong_service_selector@inject_virtual.py:807-820,UNCERTAIN,False,False,sregym/conductor/problems/wrong_service_selector.py:45-52
wrong_service_selector_hotel_reservation,sregym/conductor/problems/wrong_service_selector.py,WrongServiceSelector,VirtualizationFaultInjector,wrong_service_selector,inject_wrong_service_selector@inject_virtual.py:807-820,UNCERTAIN,False,False,sregym/conductor/problems/wrong_service_selector.py:45-52
wrong_service_selector_social_network,sregym/conductor/problems/wrong_service_selector.py,WrongServiceSelector,VirtualizationFaultInjector,wrong_service_selector,inject_wrong_service_selector@inject_virtual.py:807-820,UNCERTAIN,False,False,sregym/conductor/problems/wrong_service_selector.py:45-52
