problem_id,operator,server,census_verdict,capacity_check,functional_check,predicted
auth_miss_mongodb,RESTART,A,BLIND,yes,no,survived
missing_service_hotel_reservation,RESTART,B,BLIND,yes,no,survived
trainticket_f17_nested_sql_select_clause_error,RESTART,C,UNCERTAIN,no,yes,
kubelet_crash,RESTART,A,UNCERTAIN,no,yes,
latent_sector_error,RESTART,B,UNCERTAIN,no,no,
kafka_producer_leak,RESTART,C,UNCERTAIN,yes,no,
workload_imbalance,RESTART,A,BLIND,no,no,survived
pvc_claim_mismatch,RESTART,B,BLIND,yes,no,survived
admission_webhook_outage_hotel_reservation,RESTART,C,ADEQUATE,no,no,killed
assign_to_non_existent_node,RESTART,A,BLIND,no,no,survived
astronomy_shop_payment_service_unreachable,RESTART,B,ADEQUATE,no,yes,killed
cfs_cpu_throttling_hotel_reservation,RESTART,C,UNCERTAIN,yes,no,
configmap_drift_hotel_reservation,RESTART,A,UNCERTAIN,no,no,
dev_shm_exhaustion_hotel_reservation,RESTART,B,ADEQUATE,no,no,killed
duplicate_pvc_mounts_astronomy_shop,RESTART,C,ADEQUATE,no,no,killed
ephemeral_port_range_hotel_reservation,RESTART,A,UNCERTAIN,no,yes,
expired_tls_hotel_reservation,RESTART,B,UNCERTAIN,no,no,
faulty_image_correlated,RESTART,C,ADEQUATE,no,no,killed
file_descriptor_exhaustion,RESTART,A,UNCERTAIN,yes,no,
hpa_missing_effective_cpu_request_hotel_reservation,RESTART,B,ADEQUATE,no,no,killed
incorrect_port_assignment,RESTART,C,ADEQUATE,no,no,killed
ingress_misroute,RESTART,A,UNCERTAIN,no,no,
init_container_dependency_hang_astronomy_shop,RESTART,B,UNCERTAIN,yes,no,
init_container_dependency_hang_hotel_reservation,RESTART,C,UNCERTAIN,yes,no,
init_container_dependency_hang_social_network,RESTART,A,UNCERTAIN,yes,no,
k8s_target_port-misconfig,RESTART,B,ADEQUATE,no,no,killed
kafka_poison_pill_hol_block,RESTART,C,UNCERTAIN,no,no,
liveness_probe_misconfiguration_astronomy_shop,RESTART,A,ADEQUATE,yes,no,killed
liveness_probe_misconfiguration_hotel_reservation,RESTART,B,ADEQUATE,yes,no,killed
liveness_probe_misconfiguration_social_network,RESTART,C,ADEQUATE,yes,no,killed
liveness_probe_too_aggressive_astronomy_shop,RESTART,A,UNCERTAIN,no,no,
liveness_probe_too_aggressive_hotel_reservation,RESTART,B,UNCERTAIN,no,no,
liveness_probe_too_aggressive_social_network,RESTART,C,UNCERTAIN,no,no,
missing_configmap_social_network,RESTART,A,ADEQUATE,yes,no,killed
missing_env_variable_astronomy_shop,RESTART,B,UNCERTAIN,no,no,
operator_wrong_update_strategy_fault,RESTART,C,UNCERTAIN,no,no,
pod_anti_affinity_deadlock,RESTART,A,ADEQUATE,yes,no,killed
postgres_lock_contention_product_catalog,RESTART,B,UNCERTAIN,no,no,
rbac_misconfiguration,RESTART,C,ADEQUATE,yes,no,killed
readiness_probe_misconfiguration_astronomy_shop,RESTART,A,ADEQUATE,no,no,killed
readiness_probe_misconfiguration_social_network,RESTART,B,ADEQUATE,no,no,killed
resource_request_too_large,RESTART,C,UNCERTAIN,no,no,
resource_request_too_small,RESTART,A,UNCERTAIN,no,no,
service_port_conflict_astronomy_shop,RESTART,B,UNCERTAIN,yes,no,
service_port_conflict_hotel_reservation,RESTART,C,UNCERTAIN,yes,no,
service_port_conflict_social_network,RESTART,A,UNCERTAIN,yes,no,
service_wrong_pod_selection_hotel_reservation,RESTART,B,UNCERTAIN,no,no,
valkey_auth_disruption,RESTART,C,UNCERTAIN,no,no,
valkey_memory_disruption,RESTART,A,UNCERTAIN,no,yes,
wrong_dns_policy_astronomy_shop,RESTART,B,ADEQUATE,no,no,killed
wrong_service_selector_astronomy_shop,RESTART,C,UNCERTAIN,no,no,
wrong_service_selector_hotel_reservation,RESTART,A,UNCERTAIN,no,no,
wrong_service_selector_social_network,RESTART,B,UNCERTAIN,no,no,
admission_webhook_tls_mismatch_hotel_reservation,RESTART,C,ADEQUATE,no,no,killed
astronomy_shop_ad_service_failure,RESTART,A,ADEQUATE,no,yes,killed
astronomy_shop_ad_service_high_cpu,RESTART,B,ADEQUATE,no,yes,killed
astronomy_shop_ad_service_image_slow_load,RESTART,C,ADEQUATE,no,yes,killed
astronomy_shop_ad_service_manual_gc,RESTART,A,ADEQUATE,no,yes,killed
astronomy_shop_cart_service_failure,RESTART,B,ADEQUATE,no,yes,killed
astronomy_shop_failed_readiness_probe,RESTART,C,ADEQUATE,no,yes,killed
astronomy_shop_payment_service_failure,RESTART,A,ADEQUATE,no,yes,killed
astronomy_shop_product_catalog_service_failure,RESTART,B,ADEQUATE,no,yes,killed
calico_route_reflector_label_drift_hotel_reservation,RESTART,C,ADEQUATE,no,no,killed
cronjob_sidecar_blocks_completion_hotel_reservation,RESTART,A,ADEQUATE,no,no,killed
cumulative_admission_webhook_timeout_hotel_reservation,RESTART,B,ADEQUATE,no,no,killed
duplicate_pvc_mounts_hotel_reservation,RESTART,C,ADEQUATE,no,no,killed
duplicate_pvc_mounts_social_network,RESTART,A,ADEQUATE,no,no,killed
edge_request_filter_cpu_saturation,RESTART,B,ADEQUATE,no,no,killed
env_variable_shadowing_astronomy_shop,RESTART,C,ADEQUATE,no,no,killed
feature_flag_latent_bug_hotel_reservation,RESTART,A,ADEQUATE,yes,no,killed
finalizer_deadlock_controller_hotel_reservation,RESTART,B,ADEQUATE,no,no,killed
gc_capacity_degradation,RESTART,C,ADEQUATE,no,yes,killed
incorrect_image,RESTART,A,ADEQUATE,no,no,killed
integer_overflow_primary_key_astronomy_shop,RESTART,B,,yes,no,
internal_traffic_policy_local_astronomy_shop,RESTART,C,ADEQUATE,no,no,killed
kafka_queue_problems,RESTART,A,ADEQUATE,no,yes,killed
kubelet_eviction_threshold_misconfig,RESTART,B,ADEQUATE,yes,no,killed
load_spike_rpc_retry_storm,RESTART,C,ADEQUATE,no,yes,killed
loadgenerator_flood_homepage,RESTART,A,ADEQUATE,no,yes,killed
misconfig_app_hotel_res,RESTART,B,ADEQUATE,no,no,killed
missing_configmap_hotel_reservation,RESTART,C,ADEQUATE,yes,no,killed
mutating_webhook_resource_limits_social_network,RESTART,A,ADEQUATE,no,no,killed
namespace_memory_limit,RESTART,B,ADEQUATE,no,no,killed
network_policy_block,RESTART,C,ADEQUATE,no,no,killed
nightly_rebalance_oom_hotel_reservation,RESTART,A,ADEQUATE,yes,no,killed
node_conntrack_exhaustion_hotel_reservation,RESTART,B,ADEQUATE,yes,no,killed
operator_invalid_affinity_toleration,RESTART,C,ADEQUATE,no,no,killed
operator_non_existent_storage,RESTART,A,ADEQUATE,no,no,killed
operator_overload_replicas,RESTART,B,ADEQUATE,no,no,killed
operator_security_context_fault,RESTART,C,ADEQUATE,no,no,killed
persistent_volume_affinity_violation,RESTART,A,ADEQUATE,yes,no,killed
pod_cidr_exhaustion_hotel_reservation,RESTART,B,ADEQUATE,yes,no,killed
priority_preemption_cascade_hotel_reservation,RESTART,C,ADEQUATE,no,no,killed
psa_restricted_blocks_recreation_hotel_reservation,RESTART,A,ADEQUATE,no,no,killed
readiness_probe_misconfiguration_hotel_reservation,RESTART,B,ADEQUATE,no,no,killed
revoke_auth_mongodb-1,RESTART,C,ADEQUATE,yes,no,killed
revoke_auth_mongodb-2,RESTART,A,ADEQUATE,yes,no,killed
rolling_update_misconfigured_hotel_reservation,RESTART,B,ADEQUATE,no,no,killed
rolling_update_misconfigured_social_network,RESTART,C,ADEQUATE,no,no,killed
scale_pod_zero_social_net,RESTART,A,ADEQUATE,no,no,killed
search_rate_retry_collapse_hotel_reservation,RESTART,B,ADEQUATE,no,no,killed
secret_rotation_stale_env_credentials_astronomy_shop,RESTART,C,ADEQUATE,no,no,killed
service_dns_resolution_failure_astronomy_shop,RESTART,A,ADEQUATE,no,no,killed
service_dns_resolution_failure_social_network,RESTART,B,ADEQUATE,no,no,killed
sidecar_port_conflict_astronomy_shop,RESTART,C,ADEQUATE,yes,no,killed
sidecar_port_conflict_hotel_reservation,RESTART,A,ADEQUATE,yes,no,killed
sidecar_port_conflict_social_network,RESTART,B,ADEQUATE,yes,no,killed
silent_data_corruption,RESTART,C,ADEQUATE,no,no,killed
stale_coredns_config_astronomy_shop,RESTART,A,ADEQUATE,no,no,killed
stale_coredns_config_social_network,RESTART,B,ADEQUATE,no,no,killed
stale_hostaliases_dns_poisoning_astronomy_shop,RESTART,C,,no,no,
storage_user_unregistered-1,RESTART,A,ADEQUATE,yes,no,killed
storage_user_unregistered-2,RESTART,B,ADEQUATE,yes,no,killed
taint_no_toleration_social_network,RESTART,C,ADEQUATE,yes,no,killed
unschedulable_incorrect_port_assignment,RESTART,A,ADEQUATE,no,no,killed
update_incompatible_correlated,RESTART,B,ADEQUATE,no,no,killed
wrong_bin_usage,RESTART,C,ADEQUATE,no,no,killed
wrong_dns_policy_hotel_reservation,RESTART,A,ADEQUATE,no,no,killed
wrong_dns_policy_social_network,RESTART,B,ADEQUATE,no,no,killed
auth_miss_mongodb,SCALE0,C,BLIND,yes,no,killed
missing_service_hotel_reservation,SCALE0,A,BLIND,yes,no,killed
trainticket_f17_nested_sql_select_clause_error,SCALE0,B,UNCERTAIN,no,yes,survived
kubelet_crash,SCALE0,C,UNCERTAIN,no,yes,survived
latent_sector_error,SCALE0,A,UNCERTAIN,no,no,survived
kafka_producer_leak,SCALE0,B,UNCERTAIN,yes,no,killed
workload_imbalance,SCALE0,C,BLIND,no,no,survived
pvc_claim_mismatch,SCALE0,A,BLIND,yes,no,killed
admission_webhook_outage_hotel_reservation,SCALE0,B,ADEQUATE,no,no,survived
assign_to_non_existent_node,SCALE0,C,BLIND,no,no,survived
astronomy_shop_payment_service_unreachable,SCALE0,A,ADEQUATE,no,yes,survived
cfs_cpu_throttling_hotel_reservation,SCALE0,B,UNCERTAIN,yes,no,killed
configmap_drift_hotel_reservation,SCALE0,C,UNCERTAIN,no,no,survived
dev_shm_exhaustion_hotel_reservation,SCALE0,A,ADEQUATE,no,no,survived
duplicate_pvc_mounts_astronomy_shop,SCALE0,B,ADEQUATE,no,no,survived
ephemeral_port_range_hotel_reservation,SCALE0,C,UNCERTAIN,no,yes,survived
expired_tls_hotel_reservation,SCALE0,A,UNCERTAIN,no,no,survived
faulty_image_correlated,SCALE0,B,ADEQUATE,no,no,survived
file_descriptor_exhaustion,SCALE0,C,UNCERTAIN,yes,no,killed
hpa_missing_effective_cpu_request_hotel_reservation,SCALE0,A,ADEQUATE,no,no,survived
incorrect_port_assignment,SCALE0,B,ADEQUATE,no,no,survived
ingress_misroute,SCALE0,C,UNCERTAIN,no,no,survived
init_container_dependency_hang_astronomy_shop,SCALE0,A,UNCERTAIN,yes,no,killed
init_container_dependency_hang_hotel_reservation,SCALE0,B,UNCERTAIN,yes,no,killed
init_container_dependency_hang_social_network,SCALE0,C,UNCERTAIN,yes,no,killed
k8s_target_port-misconfig,SCALE0,A,ADEQUATE,no,no,survived
kafka_poison_pill_hol_block,SCALE0,B,UNCERTAIN,no,no,survived
liveness_probe_misconfiguration_astronomy_shop,SCALE0,C,ADEQUATE,yes,no,killed
liveness_probe_misconfiguration_hotel_reservation,SCALE0,A,ADEQUATE,yes,no,killed
liveness_probe_misconfiguration_social_network,SCALE0,B,ADEQUATE,yes,no,killed
liveness_probe_too_aggressive_astronomy_shop,SCALE0,C,UNCERTAIN,no,no,survived
liveness_probe_too_aggressive_hotel_reservation,SCALE0,A,UNCERTAIN,no,no,survived
liveness_probe_too_aggressive_social_network,SCALE0,B,UNCERTAIN,no,no,survived
missing_configmap_social_network,SCALE0,C,ADEQUATE,yes,no,killed
missing_env_variable_astronomy_shop,SCALE0,A,UNCERTAIN,no,no,survived
operator_wrong_update_strategy_fault,SCALE0,B,UNCERTAIN,no,no,survived
pod_anti_affinity_deadlock,SCALE0,C,ADEQUATE,yes,no,killed
postgres_lock_contention_product_catalog,SCALE0,A,UNCERTAIN,no,no,survived
rbac_misconfiguration,SCALE0,B,ADEQUATE,yes,no,killed
readiness_probe_misconfiguration_astronomy_shop,SCALE0,C,ADEQUATE,no,no,survived
readiness_probe_misconfiguration_social_network,SCALE0,A,ADEQUATE,no,no,survived
resource_request_too_large,SCALE0,B,UNCERTAIN,no,no,survived
resource_request_too_small,SCALE0,C,UNCERTAIN,no,no,survived
service_port_conflict_astronomy_shop,SCALE0,A,UNCERTAIN,yes,no,killed
service_port_conflict_hotel_reservation,SCALE0,B,UNCERTAIN,yes,no,killed
service_port_conflict_social_network,SCALE0,C,UNCERTAIN,yes,no,killed
service_wrong_pod_selection_hotel_reservation,SCALE0,A,UNCERTAIN,no,no,survived
valkey_auth_disruption,SCALE0,B,UNCERTAIN,no,no,survived
valkey_memory_disruption,SCALE0,C,UNCERTAIN,no,yes,survived
wrong_dns_policy_astronomy_shop,SCALE0,A,ADEQUATE,no,no,survived
wrong_service_selector_astronomy_shop,SCALE0,B,UNCERTAIN,no,no,survived
wrong_service_selector_hotel_reservation,SCALE0,C,UNCERTAIN,no,no,survived
wrong_service_selector_social_network,SCALE0,A,UNCERTAIN,no,no,survived
admission_webhook_tls_mismatch_hotel_reservation,SCALE0,B,ADEQUATE,no,no,survived
astronomy_shop_ad_service_failure,SCALE0,C,ADEQUATE,no,yes,survived
astronomy_shop_ad_service_high_cpu,SCALE0,A,ADEQUATE,no,yes,survived
astronomy_shop_ad_service_image_slow_load,SCALE0,B,ADEQUATE,no,yes,survived
astronomy_shop_ad_service_manual_gc,SCALE0,C,ADEQUATE,no,yes,survived
astronomy_shop_cart_service_failure,SCALE0,A,ADEQUATE,no,yes,survived
astronomy_shop_failed_readiness_probe,SCALE0,B,ADEQUATE,no,yes,survived
astronomy_shop_payment_service_failure,SCALE0,C,ADEQUATE,no,yes,survived
astronomy_shop_product_catalog_service_failure,SCALE0,A,ADEQUATE,no,yes,survived
calico_route_reflector_label_drift_hotel_reservation,SCALE0,B,ADEQUATE,no,no,survived
cronjob_sidecar_blocks_completion_hotel_reservation,SCALE0,C,ADEQUATE,no,no,survived
cumulative_admission_webhook_timeout_hotel_reservation,SCALE0,A,ADEQUATE,no,no,survived
duplicate_pvc_mounts_hotel_reservation,SCALE0,B,ADEQUATE,no,no,survived
duplicate_pvc_mounts_social_network,SCALE0,C,ADEQUATE,no,no,survived
edge_request_filter_cpu_saturation,SCALE0,A,ADEQUATE,no,no,survived
env_variable_shadowing_astronomy_shop,SCALE0,B,ADEQUATE,no,no,survived
feature_flag_latent_bug_hotel_reservation,SCALE0,C,ADEQUATE,yes,no,killed
finalizer_deadlock_controller_hotel_reservation,SCALE0,A,ADEQUATE,no,no,survived
gc_capacity_degradation,SCALE0,B,ADEQUATE,no,yes,survived
incorrect_image,SCALE0,C,ADEQUATE,no,no,survived
integer_overflow_primary_key_astronomy_shop,SCALE0,A,,yes,no,killed
internal_traffic_policy_local_astronomy_shop,SCALE0,B,ADEQUATE,no,no,survived
kafka_queue_problems,SCALE0,C,ADEQUATE,no,yes,survived
kubelet_eviction_threshold_misconfig,SCALE0,A,ADEQUATE,yes,no,killed
load_spike_rpc_retry_storm,SCALE0,B,ADEQUATE,no,yes,survived
loadgenerator_flood_homepage,SCALE0,C,ADEQUATE,no,yes,survived
misconfig_app_hotel_res,SCALE0,A,ADEQUATE,no,no,survived
missing_configmap_hotel_reservation,SCALE0,B,ADEQUATE,yes,no,killed
mutating_webhook_resource_limits_social_network,SCALE0,C,ADEQUATE,no,no,survived
namespace_memory_limit,SCALE0,A,ADEQUATE,no,no,survived
network_policy_block,SCALE0,B,ADEQUATE,no,no,survived
nightly_rebalance_oom_hotel_reservation,SCALE0,C,ADEQUATE,yes,no,killed
node_conntrack_exhaustion_hotel_reservation,SCALE0,A,ADEQUATE,yes,no,killed
operator_invalid_affinity_toleration,SCALE0,B,ADEQUATE,no,no,survived
operator_non_existent_storage,SCALE0,C,ADEQUATE,no,no,survived
operator_overload_replicas,SCALE0,A,ADEQUATE,no,no,survived
operator_security_context_fault,SCALE0,B,ADEQUATE,no,no,survived
persistent_volume_affinity_violation,SCALE0,C,ADEQUATE,yes,no,killed
pod_cidr_exhaustion_hotel_reservation,SCALE0,A,ADEQUATE,yes,no,killed
priority_preemption_cascade_hotel_reservation,SCALE0,B,ADEQUATE,no,no,survived
psa_restricted_blocks_recreation_hotel_reservation,SCALE0,C,ADEQUATE,no,no,survived
readiness_probe_misconfiguration_hotel_reservation,SCALE0,A,ADEQUATE,no,no,survived
revoke_auth_mongodb-1,SCALE0,B,ADEQUATE,yes,no,killed
revoke_auth_mongodb-2,SCALE0,C,ADEQUATE,yes,no,killed
rolling_update_misconfigured_hotel_reservation,SCALE0,A,ADEQUATE,no,no,survived
rolling_update_misconfigured_social_network,SCALE0,B,ADEQUATE,no,no,survived
scale_pod_zero_social_net,SCALE0,C,ADEQUATE,no,no,survived
search_rate_retry_collapse_hotel_reservation,SCALE0,A,ADEQUATE,no,no,survived
secret_rotation_stale_env_credentials_astronomy_shop,SCALE0,B,ADEQUATE,no,no,survived
service_dns_resolution_failure_astronomy_shop,SCALE0,C,ADEQUATE,no,no,survived
service_dns_resolution_failure_social_network,SCALE0,A,ADEQUATE,no,no,survived
sidecar_port_conflict_astronomy_shop,SCALE0,B,ADEQUATE,yes,no,killed
sidecar_port_conflict_hotel_reservation,SCALE0,C,ADEQUATE,yes,no,killed
sidecar_port_conflict_social_network,SCALE0,A,ADEQUATE,yes,no,killed
silent_data_corruption,SCALE0,B,ADEQUATE,no,no,survived
stale_coredns_config_astronomy_shop,SCALE0,C,ADEQUATE,no,no,survived
stale_coredns_config_social_network,SCALE0,A,ADEQUATE,no,no,survived
stale_hostaliases_dns_poisoning_astronomy_shop,SCALE0,B,,no,no,survived
storage_user_unregistered-1,SCALE0,C,ADEQUATE,yes,no,killed
storage_user_unregistered-2,SCALE0,A,ADEQUATE,yes,no,killed
taint_no_toleration_social_network,SCALE0,B,ADEQUATE,yes,no,killed
unschedulable_incorrect_port_assignment,SCALE0,C,ADEQUATE,no,no,survived
update_incompatible_correlated,SCALE0,A,ADEQUATE,no,no,survived
wrong_bin_usage,SCALE0,B,ADEQUATE,no,no,survived
wrong_dns_policy_hotel_reservation,SCALE0,C,ADEQUATE,no,no,survived
wrong_dns_policy_social_network,SCALE0,A,ADEQUATE,no,no,survived
auth_miss_mongodb,DELETE,B,BLIND,yes,no,killed
missing_service_hotel_reservation,DELETE,C,BLIND,yes,no,killed
trainticket_f17_nested_sql_select_clause_error,DELETE,A,UNCERTAIN,no,yes,survived
kubelet_crash,DELETE,B,UNCERTAIN,no,yes,survived
latent_sector_error,DELETE,C,UNCERTAIN,no,no,survived
kafka_producer_leak,DELETE,A,UNCERTAIN,yes,no,killed
workload_imbalance,DELETE,B,BLIND,no,no,survived
pvc_claim_mismatch,DELETE,C,BLIND,yes,no,killed
admission_webhook_outage_hotel_reservation,DELETE,A,ADEQUATE,no,no,survived
assign_to_non_existent_node,DELETE,B,BLIND,no,no,survived
astronomy_shop_payment_service_unreachable,DELETE,C,ADEQUATE,no,yes,survived
cfs_cpu_throttling_hotel_reservation,DELETE,A,UNCERTAIN,yes,no,killed
configmap_drift_hotel_reservation,DELETE,B,UNCERTAIN,no,no,survived
dev_shm_exhaustion_hotel_reservation,DELETE,C,ADEQUATE,no,no,survived
duplicate_pvc_mounts_astronomy_shop,DELETE,A,ADEQUATE,no,no,survived
ephemeral_port_range_hotel_reservation,DELETE,B,UNCERTAIN,no,yes,survived
expired_tls_hotel_reservation,DELETE,C,UNCERTAIN,no,no,survived
faulty_image_correlated,DELETE,A,ADEQUATE,no,no,survived
file_descriptor_exhaustion,DELETE,B,UNCERTAIN,yes,no,killed
hpa_missing_effective_cpu_request_hotel_reservation,DELETE,C,ADEQUATE,no,no,survived
incorrect_port_assignment,DELETE,A,ADEQUATE,no,no,survived
ingress_misroute,DELETE,B,UNCERTAIN,no,no,survived
init_container_dependency_hang_astronomy_shop,DELETE,C,UNCERTAIN,yes,no,killed
init_container_dependency_hang_hotel_reservation,DELETE,A,UNCERTAIN,yes,no,killed
init_container_dependency_hang_social_network,DELETE,B,UNCERTAIN,yes,no,killed
k8s_target_port-misconfig,DELETE,C,ADEQUATE,no,no,survived
kafka_poison_pill_hol_block,DELETE,A,UNCERTAIN,no,no,survived
liveness_probe_misconfiguration_astronomy_shop,DELETE,B,ADEQUATE,yes,no,killed
liveness_probe_misconfiguration_hotel_reservation,DELETE,C,ADEQUATE,yes,no,killed
liveness_probe_misconfiguration_social_network,DELETE,A,ADEQUATE,yes,no,killed
liveness_probe_too_aggressive_astronomy_shop,DELETE,B,UNCERTAIN,no,no,survived
liveness_probe_too_aggressive_hotel_reservation,DELETE,C,UNCERTAIN,no,no,survived
liveness_probe_too_aggressive_social_network,DELETE,A,UNCERTAIN,no,no,survived
missing_configmap_social_network,DELETE,B,ADEQUATE,yes,no,killed
missing_env_variable_astronomy_shop,DELETE,C,UNCERTAIN,no,no,survived
operator_wrong_update_strategy_fault,DELETE,A,UNCERTAIN,no,no,survived
pod_anti_affinity_deadlock,DELETE,B,ADEQUATE,yes,no,killed
postgres_lock_contention_product_catalog,DELETE,C,UNCERTAIN,no,no,survived
rbac_misconfiguration,DELETE,A,ADEQUATE,yes,no,killed
readiness_probe_misconfiguration_astronomy_shop,DELETE,B,ADEQUATE,no,no,survived
readiness_probe_misconfiguration_social_network,DELETE,C,ADEQUATE,no,no,survived
resource_request_too_large,DELETE,A,UNCERTAIN,no,no,survived
resource_request_too_small,DELETE,B,UNCERTAIN,no,no,survived
service_port_conflict_astronomy_shop,DELETE,C,UNCERTAIN,yes,no,killed
service_port_conflict_hotel_reservation,DELETE,A,UNCERTAIN,yes,no,killed
service_port_conflict_social_network,DELETE,B,UNCERTAIN,yes,no,killed
service_wrong_pod_selection_hotel_reservation,DELETE,C,UNCERTAIN,no,no,survived
valkey_auth_disruption,DELETE,A,UNCERTAIN,no,no,survived
valkey_memory_disruption,DELETE,B,UNCERTAIN,no,yes,survived
wrong_dns_policy_astronomy_shop,DELETE,C,ADEQUATE,no,no,survived
wrong_service_selector_astronomy_shop,DELETE,A,UNCERTAIN,no,no,survived
wrong_service_selector_hotel_reservation,DELETE,B,UNCERTAIN,no,no,survived
wrong_service_selector_social_network,DELETE,C,UNCERTAIN,no,no,survived
admission_webhook_tls_mismatch_hotel_reservation,DELETE,A,ADEQUATE,no,no,survived
astronomy_shop_ad_service_failure,DELETE,B,ADEQUATE,no,yes,survived
astronomy_shop_ad_service_high_cpu,DELETE,C,ADEQUATE,no,yes,survived
astronomy_shop_ad_service_image_slow_load,DELETE,A,ADEQUATE,no,yes,survived
astronomy_shop_ad_service_manual_gc,DELETE,B,ADEQUATE,no,yes,survived
astronomy_shop_cart_service_failure,DELETE,C,ADEQUATE,no,yes,survived
astronomy_shop_failed_readiness_probe,DELETE,A,ADEQUATE,no,yes,survived
astronomy_shop_payment_service_failure,DELETE,B,ADEQUATE,no,yes,survived
astronomy_shop_product_catalog_service_failure,DELETE,C,ADEQUATE,no,yes,survived
calico_route_reflector_label_drift_hotel_reservation,DELETE,A,ADEQUATE,no,no,survived
cronjob_sidecar_blocks_completion_hotel_reservation,DELETE,B,ADEQUATE,no,no,survived
cumulative_admission_webhook_timeout_hotel_reservation,DELETE,C,ADEQUATE,no,no,survived
duplicate_pvc_mounts_hotel_reservation,DELETE,A,ADEQUATE,no,no,survived
duplicate_pvc_mounts_social_network,DELETE,B,ADEQUATE,no,no,survived
edge_request_filter_cpu_saturation,DELETE,C,ADEQUATE,no,no,survived
env_variable_shadowing_astronomy_shop,DELETE,A,ADEQUATE,no,no,survived
feature_flag_latent_bug_hotel_reservation,DELETE,B,ADEQUATE,yes,no,killed
finalizer_deadlock_controller_hotel_reservation,DELETE,C,ADEQUATE,no,no,survived
gc_capacity_degradation,DELETE,A,ADEQUATE,no,yes,survived
incorrect_image,DELETE,B,ADEQUATE,no,no,survived
integer_overflow_primary_key_astronomy_shop,DELETE,C,,yes,no,killed
internal_traffic_policy_local_astronomy_shop,DELETE,A,ADEQUATE,no,no,survived
kafka_queue_problems,DELETE,B,ADEQUATE,no,yes,survived
kubelet_eviction_threshold_misconfig,DELETE,C,ADEQUATE,yes,no,killed
load_spike_rpc_retry_storm,DELETE,A,ADEQUATE,no,yes,survived
loadgenerator_flood_homepage,DELETE,B,ADEQUATE,no,yes,survived
misconfig_app_hotel_res,DELETE,C,ADEQUATE,no,no,survived
missing_configmap_hotel_reservation,DELETE,A,ADEQUATE,yes,no,killed
mutating_webhook_resource_limits_social_network,DELETE,B,ADEQUATE,no,no,survived
namespace_memory_limit,DELETE,C,ADEQUATE,no,no,survived
network_policy_block,DELETE,A,ADEQUATE,no,no,survived
nightly_rebalance_oom_hotel_reservation,DELETE,B,ADEQUATE,yes,no,killed
node_conntrack_exhaustion_hotel_reservation,DELETE,C,ADEQUATE,yes,no,killed
operator_invalid_affinity_toleration,DELETE,A,ADEQUATE,no,no,survived
operator_non_existent_storage,DELETE,B,ADEQUATE,no,no,survived
operator_overload_replicas,DELETE,C,ADEQUATE,no,no,survived
operator_security_context_fault,DELETE,A,ADEQUATE,no,no,survived
persistent_volume_affinity_violation,DELETE,B,ADEQUATE,yes,no,killed
pod_cidr_exhaustion_hotel_reservation,DELETE,C,ADEQUATE,yes,no,killed
priority_preemption_cascade_hotel_reservation,DELETE,A,ADEQUATE,no,no,survived
psa_restricted_blocks_recreation_hotel_reservation,DELETE,B,ADEQUATE,no,no,survived
readiness_probe_misconfiguration_hotel_reservation,DELETE,C,ADEQUATE,no,no,survived
revoke_auth_mongodb-1,DELETE,A,ADEQUATE,yes,no,killed
revoke_auth_mongodb-2,DELETE,B,ADEQUATE,yes,no,killed
rolling_update_misconfigured_hotel_reservation,DELETE,C,ADEQUATE,no,no,survived
rolling_update_misconfigured_social_network,DELETE,A,ADEQUATE,no,no,survived
scale_pod_zero_social_net,DELETE,B,ADEQUATE,no,no,survived
search_rate_retry_collapse_hotel_reservation,DELETE,C,ADEQUATE,no,no,survived
secret_rotation_stale_env_credentials_astronomy_shop,DELETE,A,ADEQUATE,no,no,survived
service_dns_resolution_failure_astronomy_shop,DELETE,B,ADEQUATE,no,no,survived
service_dns_resolution_failure_social_network,DELETE,C,ADEQUATE,no,no,survived
sidecar_port_conflict_astronomy_shop,DELETE,A,ADEQUATE,yes,no,killed
sidecar_port_conflict_hotel_reservation,DELETE,B,ADEQUATE,yes,no,killed
sidecar_port_conflict_social_network,DELETE,C,ADEQUATE,yes,no,killed
silent_data_corruption,DELETE,A,ADEQUATE,no,no,survived
stale_coredns_config_astronomy_shop,DELETE,B,ADEQUATE,no,no,survived
stale_coredns_config_social_network,DELETE,C,ADEQUATE,no,no,survived
stale_hostaliases_dns_poisoning_astronomy_shop,DELETE,A,,no,no,survived
storage_user_unregistered-1,DELETE,B,ADEQUATE,yes,no,killed
storage_user_unregistered-2,DELETE,C,ADEQUATE,yes,no,killed
taint_no_toleration_social_network,DELETE,A,ADEQUATE,yes,no,killed
unschedulable_incorrect_port_assignment,DELETE,B,ADEQUATE,no,no,survived
update_incompatible_correlated,DELETE,C,ADEQUATE,no,no,survived
wrong_bin_usage,DELETE,A,ADEQUATE,no,no,survived
wrong_dns_policy_hotel_reservation,DELETE,B,ADEQUATE,no,no,survived
wrong_dns_policy_social_network,DELETE,C,ADEQUATE,no,no,survived
auth_miss_mongodb,COLLAT,A,BLIND,yes,no,killed
missing_service_hotel_reservation,COLLAT,B,BLIND,yes,no,killed
trainticket_f17_nested_sql_select_clause_error,COLLAT,C,UNCERTAIN,no,yes,killed
kubelet_crash,COLLAT,A,UNCERTAIN,no,yes,killed
latent_sector_error,COLLAT,B,UNCERTAIN,no,no,survived
kafka_producer_leak,COLLAT,C,UNCERTAIN,yes,no,killed
workload_imbalance,COLLAT,A,BLIND,no,no,survived
pvc_claim_mismatch,COLLAT,B,BLIND,yes,no,killed
admission_webhook_outage_hotel_reservation,COLLAT,C,ADEQUATE,no,no,survived
assign_to_non_existent_node,COLLAT,A,BLIND,no,no,survived
astronomy_shop_payment_service_unreachable,COLLAT,B,ADEQUATE,no,yes,killed
cfs_cpu_throttling_hotel_reservation,COLLAT,C,UNCERTAIN,yes,no,killed
configmap_drift_hotel_reservation,COLLAT,A,UNCERTAIN,no,no,survived
dev_shm_exhaustion_hotel_reservation,COLLAT,B,ADEQUATE,no,no,survived
duplicate_pvc_mounts_astronomy_shop,COLLAT,C,ADEQUATE,no,no,survived
ephemeral_port_range_hotel_reservation,COLLAT,A,UNCERTAIN,no,yes,killed
expired_tls_hotel_reservation,COLLAT,B,UNCERTAIN,no,no,survived
faulty_image_correlated,COLLAT,C,ADEQUATE,no,no,survived
file_descriptor_exhaustion,COLLAT,A,UNCERTAIN,yes,no,killed
hpa_missing_effective_cpu_request_hotel_reservation,COLLAT,B,ADEQUATE,no,no,survived
incorrect_port_assignment,COLLAT,C,ADEQUATE,no,no,survived
ingress_misroute,COLLAT,A,UNCERTAIN,no,no,survived
init_container_dependency_hang_astronomy_shop,COLLAT,B,UNCERTAIN,yes,no,killed
init_container_dependency_hang_hotel_reservation,COLLAT,C,UNCERTAIN,yes,no,killed
init_container_dependency_hang_social_network,COLLAT,A,UNCERTAIN,yes,no,killed
k8s_target_port-misconfig,COLLAT,B,ADEQUATE,no,no,survived
kafka_poison_pill_hol_block,COLLAT,C,UNCERTAIN,no,no,survived
liveness_probe_misconfiguration_astronomy_shop,COLLAT,A,ADEQUATE,yes,no,killed
liveness_probe_misconfiguration_hotel_reservation,COLLAT,B,ADEQUATE,yes,no,killed
liveness_probe_misconfiguration_social_network,COLLAT,C,ADEQUATE,yes,no,killed
liveness_probe_too_aggressive_astronomy_shop,COLLAT,A,UNCERTAIN,no,no,survived
liveness_probe_too_aggressive_hotel_reservation,COLLAT,B,UNCERTAIN,no,no,survived
liveness_probe_too_aggressive_social_network,COLLAT,C,UNCERTAIN,no,no,survived
missing_configmap_social_network,COLLAT,A,ADEQUATE,yes,no,killed
missing_env_variable_astronomy_shop,COLLAT,B,UNCERTAIN,no,no,survived
operator_wrong_update_strategy_fault,COLLAT,C,UNCERTAIN,no,no,survived
pod_anti_affinity_deadlock,COLLAT,A,ADEQUATE,yes,no,killed
postgres_lock_contention_product_catalog,COLLAT,B,UNCERTAIN,no,no,survived
rbac_misconfiguration,COLLAT,C,ADEQUATE,yes,no,killed
readiness_probe_misconfiguration_astronomy_shop,COLLAT,A,ADEQUATE,no,no,survived
readiness_probe_misconfiguration_social_network,COLLAT,B,ADEQUATE,no,no,survived
resource_request_too_large,COLLAT,C,UNCERTAIN,no,no,survived
resource_request_too_small,COLLAT,A,UNCERTAIN,no,no,survived
service_port_conflict_astronomy_shop,COLLAT,B,UNCERTAIN,yes,no,killed
service_port_conflict_hotel_reservation,COLLAT,C,UNCERTAIN,yes,no,killed
service_port_conflict_social_network,COLLAT,A,UNCERTAIN,yes,no,killed
service_wrong_pod_selection_hotel_reservation,COLLAT,B,UNCERTAIN,no,no,survived
valkey_auth_disruption,COLLAT,C,UNCERTAIN,no,no,survived
valkey_memory_disruption,COLLAT,A,UNCERTAIN,no,yes,killed
wrong_dns_policy_astronomy_shop,COLLAT,B,ADEQUATE,no,no,survived
wrong_service_selector_astronomy_shop,COLLAT,C,UNCERTAIN,no,no,survived
wrong_service_selector_hotel_reservation,COLLAT,A,UNCERTAIN,no,no,survived
wrong_service_selector_social_network,COLLAT,B,UNCERTAIN,no,no,survived
admission_webhook_tls_mismatch_hotel_reservation,COLLAT,C,ADEQUATE,no,no,survived
astronomy_shop_ad_service_failure,COLLAT,A,ADEQUATE,no,yes,killed
astronomy_shop_ad_service_high_cpu,COLLAT,B,ADEQUATE,no,yes,killed
astronomy_shop_ad_service_image_slow_load,COLLAT,C,ADEQUATE,no,yes,killed
astronomy_shop_ad_service_manual_gc,COLLAT,A,ADEQUATE,no,yes,killed
astronomy_shop_cart_service_failure,COLLAT,B,ADEQUATE,no,yes,killed
astronomy_shop_failed_readiness_probe,COLLAT,C,ADEQUATE,no,yes,killed
astronomy_shop_payment_service_failure,COLLAT,A,ADEQUATE,no,yes,killed
astronomy_shop_product_catalog_service_failure,COLLAT,B,ADEQUATE,no,yes,killed
calico_route_reflector_label_drift_hotel_reservation,COLLAT,C,ADEQUATE,no,no,survived
cronjob_sidecar_blocks_completion_hotel_reservation,COLLAT,A,ADEQUATE,no,no,survived
cumulative_admission_webhook_timeout_hotel_reservation,COLLAT,B,ADEQUATE,no,no,survived
duplicate_pvc_mounts_hotel_reservation,COLLAT,C,ADEQUATE,no,no,survived
duplicate_pvc_mounts_social_network,COLLAT,A,ADEQUATE,no,no,survived
edge_request_filter_cpu_saturation,COLLAT,B,ADEQUATE,no,no,survived
env_variable_shadowing_astronomy_shop,COLLAT,C,ADEQUATE,no,no,survived
feature_flag_latent_bug_hotel_reservation,COLLAT,A,ADEQUATE,yes,no,killed
finalizer_deadlock_controller_hotel_reservation,COLLAT,B,ADEQUATE,no,no,survived
gc_capacity_degradation,COLLAT,C,ADEQUATE,no,yes,killed
incorrect_image,COLLAT,A,ADEQUATE,no,no,survived
integer_overflow_primary_key_astronomy_shop,COLLAT,B,,yes,no,killed
internal_traffic_policy_local_astronomy_shop,COLLAT,C,ADEQUATE,no,no,survived
kafka_queue_problems,COLLAT,A,ADEQUATE,no,yes,killed
kubelet_eviction_threshold_misconfig,COLLAT,B,ADEQUATE,yes,no,killed
load_spike_rpc_retry_storm,COLLAT,C,ADEQUATE,no,yes,killed
loadgenerator_flood_homepage,COLLAT,A,ADEQUATE,no,yes,killed
misconfig_app_hotel_res,COLLAT,B,ADEQUATE,no,no,survived
missing_configmap_hotel_reservation,COLLAT,C,ADEQUATE,yes,no,killed
mutating_webhook_resource_limits_social_network,COLLAT,A,ADEQUATE,no,no,survived
namespace_memory_limit,COLLAT,B,ADEQUATE,no,no,survived
network_policy_block,COLLAT,C,ADEQUATE,no,no,survived
nightly_rebalance_oom_hotel_reservation,COLLAT,A,ADEQUATE,yes,no,killed
node_conntrack_exhaustion_hotel_reservation,COLLAT,B,ADEQUATE,yes,no,killed
operator_invalid_affinity_toleration,COLLAT,C,ADEQUATE,no,no,survived
operator_non_existent_storage,COLLAT,A,ADEQUATE,no,no,survived
operator_overload_replicas,COLLAT,B,ADEQUATE,no,no,survived
operator_security_context_fault,COLLAT,C,ADEQUATE,no,no,survived
persistent_volume_affinity_violation,COLLAT,A,ADEQUATE,yes,no,killed
pod_cidr_exhaustion_hotel_reservation,COLLAT,B,ADEQUATE,yes,no,killed
priority_preemption_cascade_hotel_reservation,COLLAT,C,ADEQUATE,no,no,survived
psa_restricted_blocks_recreation_hotel_reservation,COLLAT,A,ADEQUATE,no,no,survived
readiness_probe_misconfiguration_hotel_reservation,COLLAT,B,ADEQUATE,no,no,survived
revoke_auth_mongodb-1,COLLAT,C,ADEQUATE,yes,no,killed
revoke_auth_mongodb-2,COLLAT,A,ADEQUATE,yes,no,killed
rolling_update_misconfigured_hotel_reservation,COLLAT,B,ADEQUATE,no,no,survived
rolling_update_misconfigured_social_network,COLLAT,C,ADEQUATE,no,no,survived
scale_pod_zero_social_net,COLLAT,A,ADEQUATE,no,no,survived
search_rate_retry_collapse_hotel_reservation,COLLAT,B,ADEQUATE,no,no,survived
secret_rotation_stale_env_credentials_astronomy_shop,COLLAT,C,ADEQUATE,no,no,survived
service_dns_resolution_failure_astronomy_shop,COLLAT,A,ADEQUATE,no,no,survived
service_dns_resolution_failure_social_network,COLLAT,B,ADEQUATE,no,no,survived
sidecar_port_conflict_astronomy_shop,COLLAT,C,ADEQUATE,yes,no,killed
sidecar_port_conflict_hotel_reservation,COLLAT,A,ADEQUATE,yes,no,killed
sidecar_port_conflict_social_network,COLLAT,B,ADEQUATE,yes,no,killed
silent_data_corruption,COLLAT,C,ADEQUATE,no,no,survived
stale_coredns_config_astronomy_shop,COLLAT,A,ADEQUATE,no,no,survived
stale_coredns_config_social_network,COLLAT,B,ADEQUATE,no,no,survived
stale_hostaliases_dns_poisoning_astronomy_shop,COLLAT,C,,no,no,survived
storage_user_unregistered-1,COLLAT,A,ADEQUATE,yes,no,killed
storage_user_unregistered-2,COLLAT,B,ADEQUATE,yes,no,killed
taint_no_toleration_social_network,COLLAT,C,ADEQUATE,yes,no,killed
unschedulable_incorrect_port_assignment,COLLAT,A,ADEQUATE,no,no,survived
update_incompatible_correlated,COLLAT,B,ADEQUATE,no,no,survived
wrong_bin_usage,COLLAT,C,ADEQUATE,no,no,survived
wrong_dns_policy_hotel_reservation,COLLAT,A,ADEQUATE,no,no,survived
wrong_dns_policy_social_network,COLLAT,B,ADEQUATE,no,no,survived
