problem_id,census_verdict,predicted_detection,retired,priority,pilot,server
auth_miss_mongodb,BLIND,no,no,1,yes,A
missing_service_hotel_reservation,BLIND,no,no,1,yes,B
missing_service_astronomy_shop,BLIND,no,yes,1,yes,A
trainticket_f17_nested_sql_select_clause_error,UNCERTAIN,,no,1,yes,B
operator_wrong_operator_image,BLIND,no,no,1,yes,A
kubelet_crash,UNCERTAIN,,no,1,yes,B
latent_sector_error,UNCERTAIN,,no,1,yes,A
kafka_producer_leak,UNCERTAIN,,no,1,yes,B
workload_imbalance,BLIND,no,no,1,yes,A
pvc_claim_mismatch,BLIND,no,yes,1,yes,B
admission_webhook_outage_hotel_reservation,ADEQUATE,yes,yes,1,no,A
assign_to_non_existent_node,BLIND,no,yes,1,no,B
astronomy_shop_payment_service_unreachable,ADEQUATE,yes,yes,1,no,A
cfs_cpu_throttling_hotel_reservation,UNCERTAIN,,no,1,no,B
configmap_drift_hotel_reservation,UNCERTAIN,,no,1,no,A
dev_shm_exhaustion_hotel_reservation,ADEQUATE,yes,yes,1,no,B
duplicate_pvc_mounts_astronomy_shop,ADEQUATE,yes,yes,1,no,A
ephemeral_port_range_hotel_reservation,UNCERTAIN,,no,1,no,B
expired_tls_hotel_reservation,UNCERTAIN,,no,1,no,A
faulty_image_correlated,ADEQUATE,yes,yes,1,no,B
file_descriptor_exhaustion,UNCERTAIN,,no,1,no,A
hpa_missing_effective_cpu_request_hotel_reservation,ADEQUATE,yes,yes,1,no,B
incorrect_port_assignment,ADEQUATE,yes,yes,1,no,A
ingress_misroute,UNCERTAIN,,no,1,no,B
init_container_dependency_hang_astronomy_shop,UNCERTAIN,,yes,1,no,A
init_container_dependency_hang_hotel_reservation,UNCERTAIN,,no,1,no,B
init_container_dependency_hang_social_network,UNCERTAIN,,no,1,no,A
k8s_target_port-misconfig,ADEQUATE,yes,yes,1,no,B
kafka_poison_pill_hol_block,UNCERTAIN,,no,1,no,A
liveness_probe_misconfiguration_astronomy_shop,ADEQUATE,yes,yes,1,no,B
liveness_probe_misconfiguration_hotel_reservation,ADEQUATE,yes,yes,1,no,A
liveness_probe_misconfiguration_social_network,ADEQUATE,yes,yes,1,no,B
liveness_probe_too_aggressive_astronomy_shop,UNCERTAIN,,no,1,no,A
liveness_probe_too_aggressive_hotel_reservation,UNCERTAIN,,no,1,no,B
liveness_probe_too_aggressive_social_network,UNCERTAIN,,no,1,no,A
missing_configmap_social_network,ADEQUATE,yes,yes,1,no,B
missing_env_variable_astronomy_shop,UNCERTAIN,,no,1,no,A
missing_service_social_network,BLIND,no,yes,1,no,B
operator_wrong_update_strategy_fault,UNCERTAIN,,no,1,no,A
pod_anti_affinity_deadlock,ADEQUATE,yes,yes,1,no,B
postgres_lock_contention_product_catalog,UNCERTAIN,,no,1,no,A
rbac_misconfiguration,ADEQUATE,yes,yes,1,no,B
readiness_probe_misconfiguration_astronomy_shop,ADEQUATE,yes,yes,1,no,A
readiness_probe_misconfiguration_social_network,ADEQUATE,yes,yes,1,no,B
resource_request_too_large,UNCERTAIN,,yes,1,no,A
resource_request_too_small,UNCERTAIN,,no,1,no,B
service_port_conflict_astronomy_shop,UNCERTAIN,,no,1,no,A
service_port_conflict_hotel_reservation,UNCERTAIN,,no,1,no,B
service_port_conflict_social_network,UNCERTAIN,,no,1,no,A
service_wrong_pod_selection_hotel_reservation,UNCERTAIN,,no,1,no,B
trainticket_f22_sql_column_name_mismatch_error,UNCERTAIN,,no,1,no,A
valkey_auth_disruption,UNCERTAIN,,no,1,no,B
valkey_memory_disruption,UNCERTAIN,,no,1,no,A
wrong_dns_policy_astronomy_shop,ADEQUATE,yes,yes,1,no,B
wrong_service_selector_astronomy_shop,UNCERTAIN,,no,1,no,A
wrong_service_selector_hotel_reservation,UNCERTAIN,,no,1,no,B
wrong_service_selector_social_network,UNCERTAIN,,yes,1,no,A
admission_webhook_tls_mismatch_hotel_reservation,ADEQUATE,yes,no,2,no,B
astronomy_shop_ad_service_failure,ADEQUATE,yes,no,2,no,A
astronomy_shop_ad_service_high_cpu,ADEQUATE,yes,no,2,no,B
astronomy_shop_ad_service_image_slow_load,ADEQUATE,yes,no,2,no,A
astronomy_shop_ad_service_manual_gc,ADEQUATE,yes,no,2,no,B
astronomy_shop_cart_service_failure,ADEQUATE,yes,no,2,no,A
astronomy_shop_failed_readiness_probe,ADEQUATE,yes,no,2,no,B
astronomy_shop_payment_service_failure,ADEQUATE,yes,no,2,no,A
astronomy_shop_product_catalog_service_failure,ADEQUATE,yes,no,2,no,B
calico_route_reflector_label_drift_hotel_reservation,ADEQUATE,yes,no,2,no,A
capacity_decrease_rpc_retry_storm,ADEQUATE,yes,no,2,no,B
cronjob_sidecar_blocks_completion_hotel_reservation,ADEQUATE,yes,no,2,no,A
cumulative_admission_webhook_timeout_hotel_reservation,ADEQUATE,yes,no,2,no,B
duplicate_pvc_mounts_hotel_reservation,ADEQUATE,yes,no,2,no,A
duplicate_pvc_mounts_social_network,ADEQUATE,yes,no,2,no,B
edge_request_filter_cpu_saturation,ADEQUATE,yes,no,2,no,A
env_variable_shadowing_astronomy_shop,ADEQUATE,yes,no,2,no,B
feature_flag_latent_bug_hotel_reservation,ADEQUATE,yes,no,2,no,A
finalizer_deadlock_controller_hotel_reservation,ADEQUATE,yes,no,2,no,B
gc_capacity_degradation,ADEQUATE,yes,no,2,no,A
incorrect_image,ADEQUATE,yes,no,2,no,B
integer_overflow_primary_key_astronomy_shop,,,no,2,no,A
internal_traffic_policy_local_astronomy_shop,ADEQUATE,yes,no,2,no,B
kafka_queue_problems,ADEQUATE,yes,no,2,no,A
kubelet_eviction_threshold_misconfig,ADEQUATE,yes,no,2,no,B
load_spike_rpc_retry_storm,ADEQUATE,yes,no,2,no,A
loadgenerator_flood_homepage,ADEQUATE,yes,no,2,no,B
misconfig_app_hotel_res,ADEQUATE,yes,no,2,no,A
missing_configmap_hotel_reservation,ADEQUATE,yes,no,2,no,B
mutating_webhook_resource_limits_social_network,ADEQUATE,yes,no,2,no,A
namespace_memory_limit,ADEQUATE,yes,no,2,no,B
network_policy_block,ADEQUATE,yes,no,2,no,A
nightly_rebalance_oom_hotel_reservation,ADEQUATE,yes,no,2,no,B
node_clock_drift_hotel_reservation,ADEQUATE,yes,no,2,no,A
node_conntrack_exhaustion_hotel_reservation,ADEQUATE,yes,no,2,no,B
operator_invalid_affinity_toleration,ADEQUATE,yes,no,2,no,A
operator_non_existent_storage,ADEQUATE,yes,no,2,no,B
operator_overload_replicas,ADEQUATE,yes,no,2,no,A
operator_security_context_fault,ADEQUATE,yes,no,2,no,B
persistent_volume_affinity_violation,ADEQUATE,yes,no,2,no,A
pod_cidr_exhaustion_hotel_reservation,ADEQUATE,yes,no,2,no,B
priority_preemption_cascade_hotel_reservation,ADEQUATE,yes,no,2,no,A
psa_restricted_blocks_recreation_hotel_reservation,ADEQUATE,yes,no,2,no,B
readiness_probe_misconfiguration_hotel_reservation,ADEQUATE,yes,no,2,no,A
revoke_auth_mongodb-1,ADEQUATE,yes,no,2,no,B
revoke_auth_mongodb-2,ADEQUATE,yes,no,2,no,A
rolling_update_misconfigured_hotel_reservation,ADEQUATE,yes,no,2,no,B
rolling_update_misconfigured_social_network,ADEQUATE,yes,no,2,no,A
scale_pod_zero_social_net,ADEQUATE,yes,no,2,no,B
search_rate_retry_collapse_hotel_reservation,ADEQUATE,yes,no,2,no,A
secret_rotation_stale_env_credentials_astronomy_shop,ADEQUATE,yes,no,2,no,B
service_dns_resolution_failure_astronomy_shop,ADEQUATE,yes,no,2,no,A
service_dns_resolution_failure_social_network,ADEQUATE,yes,no,2,no,B
sidecar_port_conflict_astronomy_shop,ADEQUATE,yes,no,2,no,A
sidecar_port_conflict_hotel_reservation,ADEQUATE,yes,no,2,no,B
sidecar_port_conflict_social_network,ADEQUATE,yes,no,2,no,A
silent_data_corruption,ADEQUATE,yes,no,2,no,B
stale_coredns_config_astronomy_shop,ADEQUATE,yes,no,2,no,A
stale_coredns_config_social_network,ADEQUATE,yes,no,2,no,B
stale_hostaliases_dns_poisoning_astronomy_shop,,,no,2,no,A
storage_user_unregistered-1,ADEQUATE,yes,no,2,no,B
storage_user_unregistered-2,ADEQUATE,yes,no,2,no,A
taint_no_toleration_social_network,ADEQUATE,yes,no,2,no,B
unschedulable_incorrect_port_assignment,ADEQUATE,yes,no,2,no,A
update_incompatible_correlated,ADEQUATE,yes,no,2,no,B
wrong_bin_usage,ADEQUATE,yes,no,2,no,A
wrong_dns_policy_hotel_reservation,ADEQUATE,yes,no,2,no,B
wrong_dns_policy_social_network,ADEQUATE,yes,no,2,no,A
